year,level_1,level_2,level_3,value
2000,Residents,Total HDB Dwellings,HDB 1- And 2-Room Flats,105825
2000,Residents,Total HDB Dwellings,HDB 3-Room Flats,710485
2000,Residents,Total HDB Dwellings,HDB 4-Room Flats,1127389
2000,Residents,Total HDB Dwellings,HDB 5-Room And Executive Flats,821882
2000,0-4 Years,Total HDB Dwellings,HDB 1- And 2-Room Flats,4569
2000,0-4 Years,Total HDB Dwellings,HDB 3-Room Flats,36567
2000,0-4 Years,Total HDB Dwellings,HDB 4-Room Flats,83741
2000,0-4 Years,Total HDB Dwellings,HDB 5-Room And Executive Flats,72228
2000,5-9 Years,Total HDB Dwellings,HDB 1- And 2-Room Flats,5819
2000,5-9 Years,Total HDB Dwellings,HDB 3-Room Flats,44318
2000,5-9 Years,Total HDB Dwellings,HDB 4-Room Flats,93349
2000,5-9 Years,Total HDB Dwellings,HDB 5-Room And Executive Flats,73317
2000,10-14 Years,Total HDB Dwellings,HDB 1- And 2-Room Flats,4418
2000,10-14 Years,Total HDB Dwellings,HDB 3-Room Flats,39875
2000,10-14 Years,Total HDB Dwellings,HDB 4-Room Flats,84698
2000,10-14 Years,Total HDB Dwellings,HDB 5-Room And Executive Flats,66600
2000,15-19 Years,Total HDB Dwellings,HDB 1- And 2-Room Flats,5458
2000,15-19 Years,Total HDB Dwellings,HDB 3-Room Flats,43898
2000,15-19 Years,Total HDB Dwellings,HDB 4-Room Flats,77232
2000,15-19 Years,Total HDB Dwellings,HDB 5-Room And Executive Flats,52540
2000,20-24 Years,Total HDB Dwellings,HDB 1- And 2-Room Flats,5982
2000,20-24 Years,Total HDB Dwellings,HDB 3-Room Flats,52895
2000,20-24 Years,Total HDB Dwellings,HDB 4-Room Flats,75437
2000,20-24 Years,Total HDB Dwellings,HDB 5-Room And Executive Flats,47144
2000,25-29 Years,Total HDB Dwellings,HDB 1- And 2-Room Flats,7009
2000,25-29 Years,Total HDB Dwellings,HDB 3-Room Flats,65724
2000,25-29 Years,Total HDB Dwellings,HDB 4-Room Flats,97638
2000,25-29 Years,Total HDB Dwellings,HDB 5-Room And Executive Flats,63225
2000,30-34 Years,Total HDB Dwellings,HDB 1- And 2-Room Flats,6203
2000,30-34 Years,Total HDB Dwellings,HDB 3-Room Flats,58334
2000,30-34 Years,Total HDB Dwellings,HDB 4-Room Flats,107258
2000,30-34 Years,Total HDB Dwellings,HDB 5-Room And Executive Flats,82896
2000,35-39 Years,Total HDB Dwellings,HDB 1- And 2-Room Flats,6882
2000,35-39 Years,Total HDB Dwellings,HDB 3-Room Flats,62269
2000,35-39 Years,Total HDB Dwellings,HDB 4-Room Flats,114584
2000,35-39 Years,Total HDB Dwellings,HDB 5-Room And Executive Flats,90443
2000,40-44 Years,Total HDB Dwellings,HDB 1- And 2-Room Flats,8622
2000,40-44 Years,Total HDB Dwellings,HDB 3-Room Flats,63318
2000,40-44 Years,Total HDB Dwellings,HDB 4-Room Flats,105606
2000,40-44 Years,Total HDB Dwellings,HDB 5-Room And Executive Flats,82302
2000,45-49 Years,Total HDB Dwellings,HDB 1- And 2-Room Flats,8407
2000,45-49 Years,Total HDB Dwellings,HDB 3-Room Flats,57809
2000,45-49 Years,Total HDB Dwellings,HDB 4-Room Flats,86382
2000,45-49 Years,Total HDB Dwellings,HDB 5-Room And Executive Flats,63144
2000,50-54 Years,Total HDB Dwellings,HDB 1- And 2-Room Flats,7969
2000,50-54 Years,Total HDB Dwellings,HDB 3-Room Flats,52523
2000,50-54 Years,Total HDB Dwellings,HDB 4-Room Flats,64362
2000,50-54 Years,Total HDB Dwellings,HDB 5-Room And Executive Flats,44115
2000,55-59 Years,Total HDB Dwellings,HDB 1- And 2-Room Flats,6378
2000,55-59 Years,Total HDB Dwellings,HDB 3-Room Flats,35988
2000,55-59 Years,Total HDB Dwellings,HDB 4-Room Flats,37587
2000,55-59 Years,Total HDB Dwellings,HDB 5-Room And Executive Flats,23738
2000,60-64 Years,Total HDB Dwellings,HDB 1- And 2-Room Flats,7009
2000,60-64 Years,Total HDB Dwellings,HDB 3-Room Flats,34090
2000,60-64 Years,Total HDB Dwellings,HDB 4-Room Flats,31818
2000,60-64 Years,Total HDB Dwellings,HDB 5-Room And Executive Flats,19406
2000,65-69 Years,Total HDB Dwellings,HDB 1- And 2-Room Flats,7008
2000,65-69 Years,Total HDB Dwellings,HDB 3-Room Flats,25515
2000,65-69 Years,Total HDB Dwellings,HDB 4-Room Flats,26327
2000,65-69 Years,Total HDB Dwellings,HDB 5-Room And Executive Flats,14961
2000,70-74 Years,Total HDB Dwellings,HDB 1- And 2-Room Flats,6372
2000,70-74 Years,Total HDB Dwellings,HDB 3-Room Flats,17500
2000,70-74 Years,Total HDB Dwellings,HDB 4-Room Flats,19361
2000,70-74 Years,Total HDB Dwellings,HDB 5-Room And Executive Flats,11494
2000,75-79 Years,Total HDB Dwellings,HDB 1- And 2-Room Flats,3819
2000,75-79 Years,Total HDB Dwellings,HDB 3-Room Flats,9967
2000,75-79 Years,Total HDB Dwellings,HDB 4-Room Flats,11199
2000,75-79 Years,Total HDB Dwellings,HDB 5-Room And Executive Flats,7094
2000,80-84 Years,Total HDB Dwellings,HDB 1- And 2-Room Flats,2088
2000,80-84 Years,Total HDB Dwellings,HDB 3-Room Flats,5755
2000,80-84 Years,Total HDB Dwellings,HDB 4-Room Flats,6255
2000,80-84 Years,Total HDB Dwellings,HDB 5-Room And Executive Flats,4164
2000,85 Years & Over,Total HDB Dwellings,HDB 1- And 2-Room Flats,1813
2000,85 Years & Over,Total HDB Dwellings,HDB 3-Room Flats,4140
2000,85 Years & Over,Total HDB Dwellings,HDB 4-Room Flats,4555
2000,85 Years & Over,Total HDB Dwellings,HDB 5-Room And Executive Flats,3071
2001,Residents,Total HDB Dwellings,HDB 1- And 2-Room Flats,97387
2001,Residents,Total HDB Dwellings,HDB 3-Room Flats,677179
2001,Residents,Total HDB Dwellings,HDB 4-Room Flats,1148715
2001,Residents,Total HDB Dwellings,HDB 5-Room And Executive Flats,868694
2001,0-4 Years,Total HDB Dwellings,HDB 1- And 2-Room Flats,3874
2001,0-4 Years,Total HDB Dwellings,HDB 3-Room Flats,35589
2001,0-4 Years,Total HDB Dwellings,HDB 4-Room Flats,81435
2001,0-4 Years,Total HDB Dwellings,HDB 5-Room And Executive Flats,72721
2001,5-9 Years,Total HDB Dwellings,HDB 1- And 2-Room Flats,4318
2001,5-9 Years,Total HDB Dwellings,HDB 3-Room Flats,36031
2001,5-9 Years,Total HDB Dwellings,HDB 4-Room Flats,92283
2001,5-9 Years,Total HDB Dwellings,HDB 5-Room And Executive Flats,79500
2001,10-14 Years,Total HDB Dwellings,HDB 1- And 2-Room Flats,3936
2001,10-14 Years,Total HDB Dwellings,HDB 3-Room Flats,37269
2001,10-14 Years,Total HDB Dwellings,HDB 4-Room Flats,88660
2001,10-14 Years,Total HDB Dwellings,HDB 5-Room And Executive Flats,73413
2001,15-19 Years,Total HDB Dwellings,HDB 1- And 2-Room Flats,4758
2001,15-19 Years,Total HDB Dwellings,HDB 3-Room Flats,39382
2001,15-19 Years,Total HDB Dwellings,HDB 4-Room Flats,78075
2001,15-19 Years,Total HDB Dwellings,HDB 5-Room And Executive Flats,55409
2001,20-24 Years,Total HDB Dwellings,HDB 1- And 2-Room Flats,5327
2001,20-24 Years,Total HDB Dwellings,HDB 3-Room Flats,49198
2001,20-24 Years,Total HDB Dwellings,HDB 4-Room Flats,78151
2001,20-24 Years,Total HDB Dwellings,HDB 5-Room And Executive Flats,50074
2001,25-29 Years,Total HDB Dwellings,HDB 1- And 2-Room Flats,5713
2001,25-29 Years,Total HDB Dwellings,HDB 3-Room Flats,61375
2001,25-29 Years,Total HDB Dwellings,HDB 4-Room Flats,96891
2001,25-29 Years,Total HDB Dwellings,HDB 5-Room And Executive Flats,63954
2001,30-34 Years,Total HDB Dwellings,HDB 1- And 2-Room Flats,5302
2001,30-34 Years,Total HDB Dwellings,HDB 3-Room Flats,55058
2001,30-34 Years,Total HDB Dwellings,HDB 4-Room Flats,104074
2001,30-34 Years,Total HDB Dwellings,HDB 5-Room And Executive Flats,84395
2001,35-39 Years,Total HDB Dwellings,HDB 1- And 2-Room Flats,6039
2001,35-39 Years,Total HDB Dwellings,HDB 3-Room Flats,59407
2001,35-39 Years,Total HDB Dwellings,HDB 4-Room Flats,114367
2001,35-39 Years,Total HDB Dwellings,HDB 5-Room And Executive Flats,92804
2001,40-44 Years,Total HDB Dwellings,HDB 1- And 2-Room Flats,7970
2001,40-44 Years,Total HDB Dwellings,HDB 3-Room Flats,60548
2001,40-44 Years,Total HDB Dwellings,HDB 4-Room Flats,107726
2001,40-44 Years,Total HDB Dwellings,HDB 5-Room And Executive Flats,87120
2001,45-49 Years,Total HDB Dwellings,HDB 1- And 2-Room Flats,8062
2001,45-49 Years,Total HDB Dwellings,HDB 3-Room Flats,56583
2001,45-49 Years,Total HDB Dwellings,HDB 4-Room Flats,91903
2001,45-49 Years,Total HDB Dwellings,HDB 5-Room And Executive Flats,69098
2001,50-54 Years,Total HDB Dwellings,HDB 1- And 2-Room Flats,7924
2001,50-54 Years,Total HDB Dwellings,HDB 3-Room Flats,53262
2001,50-54 Years,Total HDB Dwellings,HDB 4-Room Flats,71274
2001,50-54 Years,Total HDB Dwellings,HDB 5-Room And Executive Flats,50460
2001,55-59 Years,Total HDB Dwellings,HDB 1- And 2-Room Flats,5860
2001,55-59 Years,Total HDB Dwellings,HDB 3-Room Flats,33861
2001,55-59 Years,Total HDB Dwellings,HDB 4-Room Flats,38419
2001,55-59 Years,Total HDB Dwellings,HDB 5-Room And Executive Flats,24957
2001,60-64 Years,Total HDB Dwellings,HDB 1- And 2-Room Flats,7226
2001,60-64 Years,Total HDB Dwellings,HDB 3-Room Flats,35449
2001,60-64 Years,Total HDB Dwellings,HDB 4-Room Flats,34875
2001,60-64 Years,Total HDB Dwellings,HDB 5-Room And Executive Flats,21572
2001,65-69 Years,Total HDB Dwellings,HDB 1- And 2-Room Flats,6745
2001,65-69 Years,Total HDB Dwellings,HDB 3-Room Flats,25757
2001,65-69 Years,Total HDB Dwellings,HDB 4-Room Flats,26785
2001,65-69 Years,Total HDB Dwellings,HDB 5-Room And Executive Flats,15643
2001,70-74 Years,Total HDB Dwellings,HDB 1- And 2-Room Flats,6250
2001,70-74 Years,Total HDB Dwellings,HDB 3-Room Flats,17823
2001,70-74 Years,Total HDB Dwellings,HDB 4-Room Flats,20252
2001,70-74 Years,Total HDB Dwellings,HDB 5-Room And Executive Flats,12186
2001,75-79 Years,Total HDB Dwellings,HDB 1- And 2-Room Flats,4090
2001,75-79 Years,Total HDB Dwellings,HDB 3-Room Flats,10487
2001,75-79 Years,Total HDB Dwellings,HDB 4-Room Flats,12032
2001,75-79 Years,Total HDB Dwellings,HDB 5-Room And Executive Flats,7659
2001,80-84 Years,Total HDB Dwellings,HDB 1- And 2-Room Flats,2163
2001,80-84 Years,Total HDB Dwellings,HDB 3-Room Flats,5809
2001,80-84 Years,Total HDB Dwellings,HDB 4-Room Flats,6629
2001,80-84 Years,Total HDB Dwellings,HDB 5-Room And Executive Flats,4420
2001,85 Years & Over,Total HDB Dwellings,HDB 1- And 2-Room Flats,1830
2001,85 Years & Over,Total HDB Dwellings,HDB 3-Room Flats,4291
2001,85 Years & Over,Total HDB Dwellings,HDB 4-Room Flats,4884
2001,85 Years & Over,Total HDB Dwellings,HDB 5-Room And Executive Flats,3309
2002,Residents,Total HDB Dwellings,HDB 1- And 2-Room Flats,94380
2002,Residents,Total HDB Dwellings,HDB 3-Room Flats,655820
2002,Residents,Total HDB Dwellings,HDB 4-Room Flats,1175794
2002,Residents,Total HDB Dwellings,HDB 5-Room And Executive Flats,906031
2002,0-4 Years,Total HDB Dwellings,HDB 1- And 2-Room Flats,3457
2002,0-4 Years,Total HDB Dwellings,HDB 3-Room Flats,34415
2002,0-4 Years,Total HDB Dwellings,HDB 4-Room Flats,78957
2002,0-4 Years,Total HDB Dwellings,HDB 5-Room And Executive Flats,71939
2002,5-9 Years,Total HDB Dwellings,HDB 1- And 2-Room Flats,3316
2002,5-9 Years,Total HDB Dwellings,HDB 3-Room Flats,32213
2002,5-9 Years,Total HDB Dwellings,HDB 4-Room Flats,91243
2002,5-9 Years,Total HDB Dwellings,HDB 5-Room And Executive Flats,83321
2002,10-14 Years,Total HDB Dwellings,HDB 1- And 2-Room Flats,3630
2002,10-14 Years,Total HDB Dwellings,HDB 3-Room Flats,35652
2002,10-14 Years,Total HDB Dwellings,HDB 4-Room Flats,92851
2002,10-14 Years,Total HDB Dwellings,HDB 5-Room And Executive Flats,78946
2002,15-19 Years,Total HDB Dwellings,HDB 1- And 2-Room Flats,4225
2002,15-19 Years,Total HDB Dwellings,HDB 3-Room Flats,35759
2002,15-19 Years,Total HDB Dwellings,HDB 4-Room Flats,78532
2002,15-19 Years,Total HDB Dwellings,HDB 5-Room And Executive Flats,57189
2002,20-24 Years,Total HDB Dwellings,HDB 1- And 2-Room Flats,5139
2002,20-24 Years,Total HDB Dwellings,HDB 3-Room Flats,45861
2002,20-24 Years,Total HDB Dwellings,HDB 4-Room Flats,81007
2002,20-24 Years,Total HDB Dwellings,HDB 5-Room And Executive Flats,52427
2002,25-29 Years,Total HDB Dwellings,HDB 1- And 2-Room Flats,4981
2002,25-29 Years,Total HDB Dwellings,HDB 3-Room Flats,58114
2002,25-29 Years,Total HDB Dwellings,HDB 4-Room Flats,98617
2002,25-29 Years,Total HDB Dwellings,HDB 5-Room And Executive Flats,64953
2002,30-34 Years,Total HDB Dwellings,HDB 1- And 2-Room Flats,4765
2002,30-34 Years,Total HDB Dwellings,HDB 3-Room Flats,53913
2002,30-34 Years,Total HDB Dwellings,HDB 4-Room Flats,104010
2002,30-34 Years,Total HDB Dwellings,HDB 5-Room And Executive Flats,86981
2002,35-39 Years,Total HDB Dwellings,HDB 1- And 2-Room Flats,5588
2002,35-39 Years,Total HDB Dwellings,HDB 3-Room Flats,57030
2002,35-39 Years,Total HDB Dwellings,HDB 4-Room Flats,113456
2002,35-39 Years,Total HDB Dwellings,HDB 5-Room And Executive Flats,94074
2002,40-44 Years,Total HDB Dwellings,HDB 1- And 2-Room Flats,7405
2002,40-44 Years,Total HDB Dwellings,HDB 3-Room Flats,58610
2002,40-44 Years,Total HDB Dwellings,HDB 4-Room Flats,109074
2002,40-44 Years,Total HDB Dwellings,HDB 5-Room And Executive Flats,90337
2002,45-49 Years,Total HDB Dwellings,HDB 1- And 2-Room Flats,8057
2002,45-49 Years,Total HDB Dwellings,HDB 3-Room Flats,55978
2002,45-49 Years,Total HDB Dwellings,HDB 4-Room Flats,97381
2002,45-49 Years,Total HDB Dwellings,HDB 5-Room And Executive Flats,74012
2002,50-54 Years,Total HDB Dwellings,HDB 1- And 2-Room Flats,7782
2002,50-54 Years,Total HDB Dwellings,HDB 3-Room Flats,51314
2002,50-54 Years,Total HDB Dwellings,HDB 4-Room Flats,75304
2002,50-54 Years,Total HDB Dwellings,HDB 5-Room And Executive Flats,54122
2002,55-59 Years,Total HDB Dwellings,HDB 1- And 2-Room Flats,6358
2002,55-59 Years,Total HDB Dwellings,HDB 3-Room Flats,36750
2002,55-59 Years,Total HDB Dwellings,HDB 4-Room Flats,44792
2002,55-59 Years,Total HDB Dwellings,HDB 5-Room And Executive Flats,29517
2002,60-64 Years,Total HDB Dwellings,HDB 1- And 2-Room Flats,7806
2002,60-64 Years,Total HDB Dwellings,HDB 3-Room Flats,35355
2002,60-64 Years,Total HDB Dwellings,HDB 4-Room Flats,37221
2002,60-64 Years,Total HDB Dwellings,HDB 5-Room And Executive Flats,23029
2002,65-69 Years,Total HDB Dwellings,HDB 1- And 2-Room Flats,6668
2002,65-69 Years,Total HDB Dwellings,HDB 3-Room Flats,25276
2002,65-69 Years,Total HDB Dwellings,HDB 4-Room Flats,26830
2002,65-69 Years,Total HDB Dwellings,HDB 5-Room And Executive Flats,15971
2002,70-74 Years,Total HDB Dwellings,HDB 1- And 2-Room Flats,6388
2002,70-74 Years,Total HDB Dwellings,HDB 3-Room Flats,18054
2002,70-74 Years,Total HDB Dwellings,HDB 4-Room Flats,20989
2002,70-74 Years,Total HDB Dwellings,HDB 5-Room And Executive Flats,12552
2002,75-79 Years,Total HDB Dwellings,HDB 1- And 2-Room Flats,4491
2002,75-79 Years,Total HDB Dwellings,HDB 3-Room Flats,11125
2002,75-79 Years,Total HDB Dwellings,HDB 4-Room Flats,13135
2002,75-79 Years,Total HDB Dwellings,HDB 5-Room And Executive Flats,8300
2002,80-84 Years,Total HDB Dwellings,HDB 1- And 2-Room Flats,2383
2002,80-84 Years,Total HDB Dwellings,HDB 3-Room Flats,5872
2002,80-84 Years,Total HDB Dwellings,HDB 4-Room Flats,7154
2002,80-84 Years,Total HDB Dwellings,HDB 5-Room And Executive Flats,4784
2002,85 Years & Over,Total HDB Dwellings,HDB 1- And 2-Room Flats,1941
2002,85 Years & Over,Total HDB Dwellings,HDB 3-Room Flats,4529
2002,85 Years & Over,Total HDB Dwellings,HDB 4-Room Flats,5241
2002,85 Years & Over,Total HDB Dwellings,HDB 5-Room And Executive Flats,3577
2003,Residents,Total HDB Dwellings,HDB 1- And 2-Room Flats,89022
2003,Residents,Total HDB Dwellings,HDB 3-Room Flats,633407
2003,Residents,Total HDB Dwellings,HDB 4-Room Flats,1172937
2003,Residents,Total HDB Dwellings,HDB 5-Room And Executive Flats,927187
2003,0-4 Years,Total HDB Dwellings,HDB 1- And 2-Room Flats,3280
2003,0-4 Years,Total HDB Dwellings,HDB 3-Room Flats,32526
2003,0-4 Years,Total HDB Dwellings,HDB 4-Room Flats,75227
2003,0-4 Years,Total HDB Dwellings,HDB 5-Room And Executive Flats,70884
2003,5-9 Years,Total HDB Dwellings,HDB 1- And 2-Room Flats,3013
2003,5-9 Years,Total HDB Dwellings,HDB 3-Room Flats,30783
2003,5-9 Years,Total HDB Dwellings,HDB 4-Room Flats,88473
2003,5-9 Years,Total HDB Dwellings,HDB 5-Room And Executive Flats,83101
2003,10-14 Years,Total HDB Dwellings,HDB 1- And 2-Room Flats,3442
2003,10-14 Years,Total HDB Dwellings,HDB 3-Room Flats,33729
2003,10-14 Years,Total HDB Dwellings,HDB 4-Room Flats,93409
2003,10-14 Years,Total HDB Dwellings,HDB 5-Room And Executive Flats,81418
2003,15-19 Years,Total HDB Dwellings,HDB 1- And 2-Room Flats,3969
2003,15-19 Years,Total HDB Dwellings,HDB 3-Room Flats,33568
2003,15-19 Years,Total HDB Dwellings,HDB 4-Room Flats,79980
2003,15-19 Years,Total HDB Dwellings,HDB 5-Room And Executive Flats,60764
2003,20-24 Years,Total HDB Dwellings,HDB 1- And 2-Room Flats,5014
2003,20-24 Years,Total HDB Dwellings,HDB 3-Room Flats,42597
2003,20-24 Years,Total HDB Dwellings,HDB 4-Room Flats,81341
2003,20-24 Years,Total HDB Dwellings,HDB 5-Room And Executive Flats,54511
2003,25-29 Years,Total HDB Dwellings,HDB 1- And 2-Room Flats,4429
2003,25-29 Years,Total HDB Dwellings,HDB 3-Room Flats,53493
2003,25-29 Years,Total HDB Dwellings,HDB 4-Room Flats,94517
2003,25-29 Years,Total HDB Dwellings,HDB 5-Room And Executive Flats,64168
2003,30-34 Years,Total HDB Dwellings,HDB 1- And 2-Room Flats,4410
2003,30-34 Years,Total HDB Dwellings,HDB 3-Room Flats,52193
2003,30-34 Years,Total HDB Dwellings,HDB 4-Room Flats,102949
2003,30-34 Years,Total HDB Dwellings,HDB 5-Room And Executive Flats,88795
2003,35-39 Years,Total HDB Dwellings,HDB 1- And 2-Room Flats,5236
2003,35-39 Years,Total HDB Dwellings,HDB 3-Room Flats,54005
2003,35-39 Years,Total HDB Dwellings,HDB 4-Room Flats,109160
2003,35-39 Years,Total HDB Dwellings,HDB 5-Room And Executive Flats,93599
2003,40-44 Years,Total HDB Dwellings,HDB 1- And 2-Room Flats,6855
2003,40-44 Years,Total HDB Dwellings,HDB 3-Room Flats,56680
2003,40-44 Years,Total HDB Dwellings,HDB 4-Room Flats,108565
2003,40-44 Years,Total HDB Dwellings,HDB 5-Room And Executive Flats,91240
2003,45-49 Years,Total HDB Dwellings,HDB 1- And 2-Room Flats,8016
2003,45-49 Years,Total HDB Dwellings,HDB 3-Room Flats,55271
2003,45-49 Years,Total HDB Dwellings,HDB 4-Room Flats,99599
2003,45-49 Years,Total HDB Dwellings,HDB 5-Room And Executive Flats,77816
2003,50-54 Years,Total HDB Dwellings,HDB 1- And 2-Room Flats,7515
2003,50-54 Years,Total HDB Dwellings,HDB 3-Room Flats,49720
2003,50-54 Years,Total HDB Dwellings,HDB 4-Room Flats,78090
2003,50-54 Years,Total HDB Dwellings,HDB 5-Room And Executive Flats,57114
2003,55-59 Years,Total HDB Dwellings,HDB 1- And 2-Room Flats,6548
2003,55-59 Years,Total HDB Dwellings,HDB 3-Room Flats,39383
2003,55-59 Years,Total HDB Dwellings,HDB 4-Room Flats,50164
2003,55-59 Years,Total HDB Dwellings,HDB 5-Room And Executive Flats,34079
2003,60-64 Years,Total HDB Dwellings,HDB 1- And 2-Room Flats,7130
2003,60-64 Years,Total HDB Dwellings,HDB 3-Room Flats,34196
2003,60-64 Years,Total HDB Dwellings,HDB 4-Room Flats,37540
2003,60-64 Years,Total HDB Dwellings,HDB 5-Room And Executive Flats,23615
2003,65-69 Years,Total HDB Dwellings,HDB 1- And 2-Room Flats,6400
2003,65-69 Years,Total HDB Dwellings,HDB 3-Room Flats,25623
2003,65-69 Years,Total HDB Dwellings,HDB 4-Room Flats,26838
2003,65-69 Years,Total HDB Dwellings,HDB 5-Room And Executive Flats,16623
2003,70-74 Years,Total HDB Dwellings,HDB 1- And 2-Room Flats,5940
2003,70-74 Years,Total HDB Dwellings,HDB 3-Room Flats,18332
2003,70-74 Years,Total HDB Dwellings,HDB 4-Room Flats,21177
2003,70-74 Years,Total HDB Dwellings,HDB 5-Room And Executive Flats,12680
2003,75-79 Years,Total HDB Dwellings,HDB 1- And 2-Room Flats,3571
2003,75-79 Years,Total HDB Dwellings,HDB 3-Room Flats,10593
2003,75-79 Years,Total HDB Dwellings,HDB 4-Room Flats,13095
2003,75-79 Years,Total HDB Dwellings,HDB 5-Room And Executive Flats,8069
2003,80-84 Years,Total HDB Dwellings,HDB 1- And 2-Room Flats,2315
2003,80-84 Years,Total HDB Dwellings,HDB 3-Room Flats,6077
2003,80-84 Years,Total HDB Dwellings,HDB 4-Room Flats,7438
2003,80-84 Years,Total HDB Dwellings,HDB 5-Room And Executive Flats,4975
2003,85 Years & Over,Total HDB Dwellings,HDB 1- And 2-Room Flats,1939
2003,85 Years & Over,Total HDB Dwellings,HDB 3-Room Flats,4638
2003,85 Years & Over,Total HDB Dwellings,HDB 4-Room Flats,5375
2003,85 Years & Over,Total HDB Dwellings,HDB 5-Room And Executive Flats,3736
2004,Residents,Total HDB Dwellings,HDB 1- And 2-Room Flats,90422
2004,Residents,Total HDB Dwellings,HDB 3-Room Flats,618003
2004,Residents,Total HDB Dwellings,HDB 4-Room Flats,1183552
2004,Residents,Total HDB Dwellings,HDB 5-Room And Executive Flats,956836
2004,0-4 Years,Total HDB Dwellings,HDB 1- And 2-Room Flats,3283
2004,0-4 Years,Total HDB Dwellings,HDB 3-Room Flats,30169
2004,0-4 Years,Total HDB Dwellings,HDB 4-Room Flats,72256
2004,0-4 Years,Total HDB Dwellings,HDB 5-Room And Executive Flats,70432
2004,5-9 Years,Total HDB Dwellings,HDB 1- And 2-Room Flats,2999
2004,5-9 Years,Total HDB Dwellings,HDB 3-Room Flats,29574
2004,5-9 Years,Total HDB Dwellings,HDB 4-Room Flats,85197
2004,5-9 Years,Total HDB Dwellings,HDB 5-Room And Executive Flats,81717
2004,10-14 Years,Total HDB Dwellings,HDB 1- And 2-Room Flats,3356
2004,10-14 Years,Total HDB Dwellings,HDB 3-Room Flats,31098
2004,10-14 Years,Total HDB Dwellings,HDB 4-Room Flats,92479
2004,10-14 Years,Total HDB Dwellings,HDB 5-Room And Executive Flats,82885
2004,15-19 Years,Total HDB Dwellings,HDB 1- And 2-Room Flats,3899
2004,15-19 Years,Total HDB Dwellings,HDB 3-Room Flats,32472
2004,15-19 Years,Total HDB Dwellings,HDB 4-Room Flats,84235
2004,15-19 Years,Total HDB Dwellings,HDB 5-Room And Executive Flats,67237
2004,20-24 Years,Total HDB Dwellings,HDB 1- And 2-Room Flats,4982
2004,20-24 Years,Total HDB Dwellings,HDB 3-Room Flats,39925
2004,20-24 Years,Total HDB Dwellings,HDB 4-Room Flats,81742
2004,20-24 Years,Total HDB Dwellings,HDB 5-Room And Executive Flats,56104
2004,25-29 Years,Total HDB Dwellings,HDB 1- And 2-Room Flats,4377
2004,25-29 Years,Total HDB Dwellings,HDB 3-Room Flats,49982
2004,25-29 Years,Total HDB Dwellings,HDB 4-Room Flats,92453
2004,25-29 Years,Total HDB Dwellings,HDB 5-Room And Executive Flats,65042
2004,30-34 Years,Total HDB Dwellings,HDB 1- And 2-Room Flats,4360
2004,30-34 Years,Total HDB Dwellings,HDB 3-Room Flats,50534
2004,30-34 Years,Total HDB Dwellings,HDB 4-Room Flats,103512
2004,30-34 Years,Total HDB Dwellings,HDB 5-Room And Executive Flats,91112
2004,35-39 Years,Total HDB Dwellings,HDB 1- And 2-Room Flats,5010
2004,35-39 Years,Total HDB Dwellings,HDB 3-Room Flats,51323
2004,35-39 Years,Total HDB Dwellings,HDB 4-Room Flats,104973
2004,35-39 Years,Total HDB Dwellings,HDB 5-Room And Executive Flats,92891
2004,40-44 Years,Total HDB Dwellings,HDB 1- And 2-Room Flats,6608
2004,40-44 Years,Total HDB Dwellings,HDB 3-Room Flats,55860
2004,40-44 Years,Total HDB Dwellings,HDB 4-Room Flats,109633
2004,40-44 Years,Total HDB Dwellings,HDB 5-Room And Executive Flats,92704
2004,45-49 Years,Total HDB Dwellings,HDB 1- And 2-Room Flats,8183
2004,45-49 Years,Total HDB Dwellings,HDB 3-Room Flats,54538
2004,45-49 Years,Total HDB Dwellings,HDB 4-Room Flats,102008
2004,45-49 Years,Total HDB Dwellings,HDB 5-Room And Executive Flats,81976
2004,50-54 Years,Total HDB Dwellings,HDB 1- And 2-Room Flats,7809
2004,50-54 Years,Total HDB Dwellings,HDB 3-Room Flats,49658
2004,50-54 Years,Total HDB Dwellings,HDB 4-Room Flats,82293
2004,50-54 Years,Total HDB Dwellings,HDB 5-Room And Executive Flats,61251
2004,55-59 Years,Total HDB Dwellings,HDB 1- And 2-Room Flats,7047
2004,55-59 Years,Total HDB Dwellings,HDB 3-Room Flats,41373
2004,55-59 Years,Total HDB Dwellings,HDB 4-Room Flats,56077
2004,55-59 Years,Total HDB Dwellings,HDB 5-Room And Executive Flats,39057
2004,60-64 Years,Total HDB Dwellings,HDB 1- And 2-Room Flats,7055
2004,60-64 Years,Total HDB Dwellings,HDB 3-Room Flats,32786
2004,60-64 Years,Total HDB Dwellings,HDB 4-Room Flats,38221
2004,60-64 Years,Total HDB Dwellings,HDB 5-Room And Executive Flats,24662
2004,65-69 Years,Total HDB Dwellings,HDB 1- And 2-Room Flats,6766
2004,65-69 Years,Total HDB Dwellings,HDB 3-Room Flats,26862
2004,65-69 Years,Total HDB Dwellings,HDB 4-Room Flats,28549
2004,65-69 Years,Total HDB Dwellings,HDB 5-Room And Executive Flats,18249
2004,70-74 Years,Total HDB Dwellings,HDB 1- And 2-Room Flats,6126
2004,70-74 Years,Total HDB Dwellings,HDB 3-Room Flats,19058
2004,70-74 Years,Total HDB Dwellings,HDB 4-Room Flats,21965
2004,70-74 Years,Total HDB Dwellings,HDB 5-Room And Executive Flats,13331
2004,75-79 Years,Total HDB Dwellings,HDB 1- And 2-Room Flats,4128
2004,75-79 Years,Total HDB Dwellings,HDB 3-Room Flats,11734
2004,75-79 Years,Total HDB Dwellings,HDB 4-Room Flats,14466
2004,75-79 Years,Total HDB Dwellings,HDB 5-Room And Executive Flats,9082
2004,80-84 Years,Total HDB Dwellings,HDB 1- And 2-Room Flats,2356
2004,80-84 Years,Total HDB Dwellings,HDB 3-Room Flats,6256
2004,80-84 Years,Total HDB Dwellings,HDB 4-Room Flats,7776
2004,80-84 Years,Total HDB Dwellings,HDB 5-Room And Executive Flats,5201
2004,85 Years & Over,Total HDB Dwellings,HDB 1- And 2-Room Flats,2078
2004,85 Years & Over,Total HDB Dwellings,HDB 3-Room Flats,4801
2004,85 Years & Over,Total HDB Dwellings,HDB 4-Room Flats,5717
2004,85 Years & Over,Total HDB Dwellings,HDB 5-Room And Executive Flats,3903
2005,Residents,Total HDB Dwellings,HDB 1- And 2-Room Flats,91379
2005,Residents,Total HDB Dwellings,HDB 3-Room Flats,608511
2005,Residents,Total HDB Dwellings,HDB 4-Room Flats,1194271
2005,Residents,Total HDB Dwellings,HDB 5-Room And Executive Flats,981865
2005,0-4 Years,Total HDB Dwellings,HDB 1- And 2-Room Flats,3263
2005,0-4 Years,Total HDB Dwellings,HDB 3-Room Flats,28417
2005,0-4 Years,Total HDB Dwellings,HDB 4-Room Flats,68900
2005,0-4 Years,Total HDB Dwellings,HDB 5-Room And Executive Flats,69260
2005,5-9 Years,Total HDB Dwellings,HDB 1- And 2-Room Flats,2906
2005,5-9 Years,Total HDB Dwellings,HDB 3-Room Flats,28795
2005,5-9 Years,Total HDB Dwellings,HDB 4-Room Flats,83163
2005,5-9 Years,Total HDB Dwellings,HDB 5-Room And Executive Flats,80854
2005,10-14 Years,Total HDB Dwellings,HDB 1- And 2-Room Flats,3419
2005,10-14 Years,Total HDB Dwellings,HDB 3-Room Flats,29768
2005,10-14 Years,Total HDB Dwellings,HDB 4-Room Flats,91861
2005,10-14 Years,Total HDB Dwellings,HDB 5-Room And Executive Flats,84657
2005,15-19 Years,Total HDB Dwellings,HDB 1- And 2-Room Flats,3892
2005,15-19 Years,Total HDB Dwellings,HDB 3-Room Flats,31456
2005,15-19 Years,Total HDB Dwellings,HDB 4-Room Flats,86504
2005,15-19 Years,Total HDB Dwellings,HDB 5-Room And Executive Flats,71147
2005,20-24 Years,Total HDB Dwellings,HDB 1- And 2-Room Flats,4996
2005,20-24 Years,Total HDB Dwellings,HDB 3-Room Flats,38314
2005,20-24 Years,Total HDB Dwellings,HDB 4-Room Flats,83192
2005,20-24 Years,Total HDB Dwellings,HDB 5-Room And Executive Flats,58495
2005,25-29 Years,Total HDB Dwellings,HDB 1- And 2-Room Flats,4466
2005,25-29 Years,Total HDB Dwellings,HDB 3-Room Flats,48306
2005,25-29 Years,Total HDB Dwellings,HDB 4-Room Flats,92390
2005,25-29 Years,Total HDB Dwellings,HDB 5-Room And Executive Flats,66451
2005,30-34 Years,Total HDB Dwellings,HDB 1- And 2-Room Flats,4351
2005,30-34 Years,Total HDB Dwellings,HDB 3-Room Flats,50232
2005,30-34 Years,Total HDB Dwellings,HDB 4-Room Flats,103960
2005,30-34 Years,Total HDB Dwellings,HDB 5-Room And Executive Flats,91675
2005,35-39 Years,Total HDB Dwellings,HDB 1- And 2-Room Flats,4939
2005,35-39 Years,Total HDB Dwellings,HDB 3-Room Flats,49323
2005,35-39 Years,Total HDB Dwellings,HDB 4-Room Flats,102257
2005,35-39 Years,Total HDB Dwellings,HDB 5-Room And Executive Flats,92478
2005,40-44 Years,Total HDB Dwellings,HDB 1- And 2-Room Flats,6362
2005,40-44 Years,Total HDB Dwellings,HDB 3-Room Flats,54786
2005,40-44 Years,Total HDB Dwellings,HDB 4-Room Flats,109333
2005,40-44 Years,Total HDB Dwellings,HDB 5-Room And Executive Flats,93322
2005,45-49 Years,Total HDB Dwellings,HDB 1- And 2-Room Flats,8371
2005,45-49 Years,Total HDB Dwellings,HDB 3-Room Flats,54741
2005,45-49 Years,Total HDB Dwellings,HDB 4-Room Flats,103639
2005,45-49 Years,Total HDB Dwellings,HDB 5-Room And Executive Flats,84980
2005,50-54 Years,Total HDB Dwellings,HDB 1- And 2-Room Flats,7973
2005,50-54 Years,Total HDB Dwellings,HDB 3-Room Flats,49504
2005,50-54 Years,Total HDB Dwellings,HDB 4-Room Flats,86207
2005,50-54 Years,Total HDB Dwellings,HDB 5-Room And Executive Flats,64839
2005,55-59 Years,Total HDB Dwellings,HDB 1- And 2-Room Flats,7890
2005,55-59 Years,Total HDB Dwellings,HDB 3-Room Flats,44517
2005,55-59 Years,Total HDB Dwellings,HDB 4-Room Flats,64067
2005,55-59 Years,Total HDB Dwellings,HDB 5-Room And Executive Flats,45637
2005,60-64 Years,Total HDB Dwellings,HDB 1- And 2-Room Flats,6356
2005,60-64 Years,Total HDB Dwellings,HDB 3-Room Flats,29945
2005,60-64 Years,Total HDB Dwellings,HDB 4-Room Flats,36625
2005,60-64 Years,Total HDB Dwellings,HDB 5-Room And Executive Flats,24555
2005,65-69 Years,Total HDB Dwellings,HDB 1- And 2-Room Flats,7045
2005,65-69 Years,Total HDB Dwellings,HDB 3-Room Flats,27560
2005,65-69 Years,Total HDB Dwellings,HDB 4-Room Flats,29889
2005,65-69 Years,Total HDB Dwellings,HDB 5-Room And Executive Flats,19615
2005,70-74 Years,Total HDB Dwellings,HDB 1- And 2-Room Flats,6326
2005,70-74 Years,Total HDB Dwellings,HDB 3-Room Flats,19796
2005,70-74 Years,Total HDB Dwellings,HDB 4-Room Flats,23237
2005,70-74 Years,Total HDB Dwellings,HDB 5-Room And Executive Flats,14347
2005,75-79 Years,Total HDB Dwellings,HDB 1- And 2-Room Flats,4404
2005,75-79 Years,Total HDB Dwellings,HDB 3-Room Flats,12224
2005,75-79 Years,Total HDB Dwellings,HDB 4-Room Flats,15306
2005,75-79 Years,Total HDB Dwellings,HDB 5-Room And Executive Flats,9925
2005,80-84 Years,Total HDB Dwellings,HDB 1- And 2-Room Flats,2381
2005,80-84 Years,Total HDB Dwellings,HDB 3-Room Flats,6171
2005,80-84 Years,Total HDB Dwellings,HDB 4-Room Flats,7963
2005,80-84 Years,Total HDB Dwellings,HDB 5-Room And Executive Flats,5499
2005,85 Years & Over,Total HDB Dwellings,HDB 1- And 2-Room Flats,2039
2005,85 Years & Over,Total HDB Dwellings,HDB 3-Room Flats,4656
2005,85 Years & Over,Total HDB Dwellings,HDB 4-Room Flats,5778
2005,85 Years & Over,Total HDB Dwellings,HDB 5-Room And Executive Flats,4129
2006,Residents,Total HDB Dwellings,HDB 1- And 2-Room Flats,93676
2006,Residents,Total HDB Dwellings,HDB 3-Room Flats,605224
2006,Residents,Total HDB Dwellings,HDB 4-Room Flats,1208149
2006,Residents,Total HDB Dwellings,HDB 5-Room And Executive Flats,1002746
2006,0-4 Years,Total HDB Dwellings,HDB 1- And 2-Room Flats,3344
2006,0-4 Years,Total HDB Dwellings,HDB 3-Room Flats,27103
2006,0-4 Years,Total HDB Dwellings,HDB 4-Room Flats,66118
2006,0-4 Years,Total HDB Dwellings,HDB 5-Room And Executive Flats,67424
2006,5-9 Years,Total HDB Dwellings,HDB 1- And 2-Room Flats,3059
2006,5-9 Years,Total HDB Dwellings,HDB 3-Room Flats,28750
2006,5-9 Years,Total HDB Dwellings,HDB 4-Room Flats,81034
2006,5-9 Years,Total HDB Dwellings,HDB 5-Room And Executive Flats,80117
2006,10-14 Years,Total HDB Dwellings,HDB 1- And 2-Room Flats,3485
2006,10-14 Years,Total HDB Dwellings,HDB 3-Room Flats,28547
2006,10-14 Years,Total HDB Dwellings,HDB 4-Room Flats,90423
2006,10-14 Years,Total HDB Dwellings,HDB 5-Room And Executive Flats,84757
2006,15-19 Years,Total HDB Dwellings,HDB 1- And 2-Room Flats,4018
2006,15-19 Years,Total HDB Dwellings,HDB 3-Room Flats,31253
2006,15-19 Years,Total HDB Dwellings,HDB 4-Room Flats,89693
2006,15-19 Years,Total HDB Dwellings,HDB 5-Room And Executive Flats,76277
2006,20-24 Years,Total HDB Dwellings,HDB 1- And 2-Room Flats,5013
2006,20-24 Years,Total HDB Dwellings,HDB 3-Room Flats,36356
2006,20-24 Years,Total HDB Dwellings,HDB 4-Room Flats,83475
2006,20-24 Years,Total HDB Dwellings,HDB 5-Room And Executive Flats,59849
2006,25-29 Years,Total HDB Dwellings,HDB 1- And 2-Room Flats,4541
2006,25-29 Years,Total HDB Dwellings,HDB 3-Room Flats,47401
2006,25-29 Years,Total HDB Dwellings,HDB 4-Room Flats,94012
2006,25-29 Years,Total HDB Dwellings,HDB 5-Room And Executive Flats,68103
2006,30-34 Years,Total HDB Dwellings,HDB 1- And 2-Room Flats,4312
2006,30-34 Years,Total HDB Dwellings,HDB 3-Room Flats,49685
2006,30-34 Years,Total HDB Dwellings,HDB 4-Room Flats,103497
2006,30-34 Years,Total HDB Dwellings,HDB 5-Room And Executive Flats,90683
2006,35-39 Years,Total HDB Dwellings,HDB 1- And 2-Room Flats,4799
2006,35-39 Years,Total HDB Dwellings,HDB 3-Room Flats,47849
2006,35-39 Years,Total HDB Dwellings,HDB 4-Room Flats,100376
2006,35-39 Years,Total HDB Dwellings,HDB 5-Room And Executive Flats,92624
2006,40-44 Years,Total HDB Dwellings,HDB 1- And 2-Room Flats,6326
2006,40-44 Years,Total HDB Dwellings,HDB 3-Room Flats,54342
2006,40-44 Years,Total HDB Dwellings,HDB 4-Room Flats,109619
2006,40-44 Years,Total HDB Dwellings,HDB 5-Room And Executive Flats,93578
2006,45-49 Years,Total HDB Dwellings,HDB 1- And 2-Room Flats,8406
2006,45-49 Years,Total HDB Dwellings,HDB 3-Room Flats,54422
2006,45-49 Years,Total HDB Dwellings,HDB 4-Room Flats,105277
2006,45-49 Years,Total HDB Dwellings,HDB 5-Room And Executive Flats,87375
2006,50-54 Years,Total HDB Dwellings,HDB 1- And 2-Room Flats,8407
2006,50-54 Years,Total HDB Dwellings,HDB 3-Room Flats,50559
2006,50-54 Years,Total HDB Dwellings,HDB 4-Room Flats,90692
2006,50-54 Years,Total HDB Dwellings,HDB 5-Room And Executive Flats,69038
2006,55-59 Years,Total HDB Dwellings,HDB 1- And 2-Room Flats,8476
2006,55-59 Years,Total HDB Dwellings,HDB 3-Room Flats,46500
2006,55-59 Years,Total HDB Dwellings,HDB 4-Room Flats,70030
2006,55-59 Years,Total HDB Dwellings,HDB 5-Room And Executive Flats,50734
2006,60-64 Years,Total HDB Dwellings,HDB 1- And 2-Room Flats,6319
2006,60-64 Years,Total HDB Dwellings,HDB 3-Room Flats,28904
2006,60-64 Years,Total HDB Dwellings,HDB 4-Room Flats,36845
2006,60-64 Years,Total HDB Dwellings,HDB 5-Room And Executive Flats,25180
2006,65-69 Years,Total HDB Dwellings,HDB 1- And 2-Room Flats,7432
2006,65-69 Years,Total HDB Dwellings,HDB 3-Room Flats,29188
2006,65-69 Years,Total HDB Dwellings,HDB 4-Room Flats,32666
2006,65-69 Years,Total HDB Dwellings,HDB 5-Room And Executive Flats,21397
2006,70-74 Years,Total HDB Dwellings,HDB 1- And 2-Room Flats,6433
2006,70-74 Years,Total HDB Dwellings,HDB 3-Room Flats,20213
2006,70-74 Years,Total HDB Dwellings,HDB 4-Room Flats,23593
2006,70-74 Years,Total HDB Dwellings,HDB 5-Room And Executive Flats,14858
2006,75-79 Years,Total HDB Dwellings,HDB 1- And 2-Room Flats,4690
2006,75-79 Years,Total HDB Dwellings,HDB 3-Room Flats,12909
2006,75-79 Years,Total HDB Dwellings,HDB 4-Room Flats,16158
2006,75-79 Years,Total HDB Dwellings,HDB 5-Room And Executive Flats,10437
2006,80-84 Years,Total HDB Dwellings,HDB 1- And 2-Room Flats,2484
2006,80-84 Years,Total HDB Dwellings,HDB 3-Room Flats,6480
2006,80-84 Years,Total HDB Dwellings,HDB 4-Room Flats,8448
2006,80-84 Years,Total HDB Dwellings,HDB 5-Room And Executive Flats,5895
2006,85 Years & Over,Total HDB Dwellings,HDB 1- And 2-Room Flats,2132
2006,85 Years & Over,Total HDB Dwellings,HDB 3-Room Flats,4763
2006,85 Years & Over,Total HDB Dwellings,HDB 4-Room Flats,6193
2006,85 Years & Over,Total HDB Dwellings,HDB 5-Room And Executive Flats,4420
2007,Residents,Total HDB Dwellings,HDB 1- And 2-Room Flats,97512
2007,Residents,Total HDB Dwellings,HDB 3-Room Flats,609024
2007,Residents,Total HDB Dwellings,HDB 4-Room Flats,1221318
2007,Residents,Total HDB Dwellings,HDB 5-Room And Executive Flats,1022687
2007,0-4 Years,Total HDB Dwellings,HDB 1- And 2-Room Flats,3698
2007,0-4 Years,Total HDB Dwellings,HDB 3-Room Flats,26796
2007,0-4 Years,Total HDB Dwellings,HDB 4-Room Flats,64835
2007,0-4 Years,Total HDB Dwellings,HDB 5-Room And Executive Flats,67059
2007,5-9 Years,Total HDB Dwellings,HDB 1- And 2-Room Flats,3393
2007,5-9 Years,Total HDB Dwellings,HDB 3-Room Flats,28171
2007,5-9 Years,Total HDB Dwellings,HDB 4-Room Flats,77696
2007,5-9 Years,Total HDB Dwellings,HDB 5-Room And Executive Flats,78224
2007,10-14 Years,Total HDB Dwellings,HDB 1- And 2-Room Flats,3672
2007,10-14 Years,Total HDB Dwellings,HDB 3-Room Flats,28009
2007,10-14 Years,Total HDB Dwellings,HDB 4-Room Flats,88873
2007,10-14 Years,Total HDB Dwellings,HDB 5-Room And Executive Flats,85035
2007,15-19 Years,Total HDB Dwellings,HDB 1- And 2-Room Flats,4453
2007,15-19 Years,Total HDB Dwellings,HDB 3-Room Flats,31328
2007,15-19 Years,Total HDB Dwellings,HDB 4-Room Flats,92632
2007,15-19 Years,Total HDB Dwellings,HDB 5-Room And Executive Flats,80748
2007,20-24 Years,Total HDB Dwellings,HDB 1- And 2-Room Flats,5069
2007,20-24 Years,Total HDB Dwellings,HDB 3-Room Flats,34678
2007,20-24 Years,Total HDB Dwellings,HDB 4-Room Flats,82811
2007,20-24 Years,Total HDB Dwellings,HDB 5-Room And Executive Flats,60754
2007,25-29 Years,Total HDB Dwellings,HDB 1- And 2-Room Flats,4990
2007,25-29 Years,Total HDB Dwellings,HDB 3-Room Flats,47320
2007,25-29 Years,Total HDB Dwellings,HDB 4-Room Flats,95678
2007,25-29 Years,Total HDB Dwellings,HDB 5-Room And Executive Flats,69147
2007,30-34 Years,Total HDB Dwellings,HDB 1- And 2-Room Flats,4302
2007,30-34 Years,Total HDB Dwellings,HDB 3-Room Flats,50265
2007,30-34 Years,Total HDB Dwellings,HDB 4-Room Flats,104010
2007,30-34 Years,Total HDB Dwellings,HDB 5-Room And Executive Flats,90137
2007,35-39 Years,Total HDB Dwellings,HDB 1- And 2-Room Flats,4832
2007,35-39 Years,Total HDB Dwellings,HDB 3-Room Flats,47973
2007,35-39 Years,Total HDB Dwellings,HDB 4-Room Flats,100597
2007,35-39 Years,Total HDB Dwellings,HDB 5-Room And Executive Flats,93958
2007,40-44 Years,Total HDB Dwellings,HDB 1- And 2-Room Flats,6448
2007,40-44 Years,Total HDB Dwellings,HDB 3-Room Flats,53663
2007,40-44 Years,Total HDB Dwellings,HDB 4-Room Flats,107952
2007,40-44 Years,Total HDB Dwellings,HDB 5-Room And Executive Flats,93130
2007,45-49 Years,Total HDB Dwellings,HDB 1- And 2-Room Flats,8326
2007,45-49 Years,Total HDB Dwellings,HDB 3-Room Flats,54350
2007,45-49 Years,Total HDB Dwellings,HDB 4-Room Flats,105809
2007,45-49 Years,Total HDB Dwellings,HDB 5-Room And Executive Flats,88720
2007,50-54 Years,Total HDB Dwellings,HDB 1- And 2-Room Flats,8884
2007,50-54 Years,Total HDB Dwellings,HDB 3-Room Flats,51752
2007,50-54 Years,Total HDB Dwellings,HDB 4-Room Flats,94850
2007,50-54 Years,Total HDB Dwellings,HDB 5-Room And Executive Flats,73092
2007,55-59 Years,Total HDB Dwellings,HDB 1- And 2-Room Flats,8616
2007,55-59 Years,Total HDB Dwellings,HDB 3-Room Flats,46201
2007,55-59 Years,Total HDB Dwellings,HDB 4-Room Flats,72804
2007,55-59 Years,Total HDB Dwellings,HDB 5-Room And Executive Flats,53661
2007,60-64 Years,Total HDB Dwellings,HDB 1- And 2-Room Flats,6974
2007,60-64 Years,Total HDB Dwellings,HDB 3-Room Flats,32454
2007,60-64 Years,Total HDB Dwellings,HDB 4-Room Flats,42444
2007,60-64 Years,Total HDB Dwellings,HDB 5-Room And Executive Flats,29349
2007,65-69 Years,Total HDB Dwellings,HDB 1- And 2-Room Flats,7767
2007,65-69 Years,Total HDB Dwellings,HDB 3-Room Flats,30017
2007,65-69 Years,Total HDB Dwellings,HDB 4-Room Flats,34373
2007,65-69 Years,Total HDB Dwellings,HDB 5-Room And Executive Flats,22770
2007,70-74 Years,Total HDB Dwellings,HDB 1- And 2-Room Flats,6330
2007,70-74 Years,Total HDB Dwellings,HDB 3-Room Flats,20407
2007,70-74 Years,Total HDB Dwellings,HDB 4-Room Flats,23407
2007,70-74 Years,Total HDB Dwellings,HDB 5-Room And Executive Flats,15024
2007,75-79 Years,Total HDB Dwellings,HDB 1- And 2-Room Flats,4958
2007,75-79 Years,Total HDB Dwellings,HDB 3-Room Flats,13512
2007,75-79 Years,Total HDB Dwellings,HDB 4-Room Flats,16701
2007,75-79 Years,Total HDB Dwellings,HDB 5-Room And Executive Flats,10970
2007,80-84 Years,Total HDB Dwellings,HDB 1- And 2-Room Flats,2594
2007,80-84 Years,Total HDB Dwellings,HDB 3-Room Flats,7026
2007,80-84 Years,Total HDB Dwellings,HDB 4-Room Flats,9210
2007,80-84 Years,Total HDB Dwellings,HDB 5-Room And Executive Flats,6194
2007,85 Years & Over,Total HDB Dwellings,HDB 1- And 2-Room Flats,2206
2007,85 Years & Over,Total HDB Dwellings,HDB 3-Room Flats,5102
2007,85 Years & Over,Total HDB Dwellings,HDB 4-Room Flats,6636
2007,85 Years & Over,Total HDB Dwellings,HDB 5-Room And Executive Flats,4715
2008,Residents,Total HDB Dwellings,HDB 1- And 2-Room Flats,101302
2008,Residents,Total HDB Dwellings,HDB 3-Room Flats,617559
2008,Residents,Total HDB Dwellings,HDB 4-Room Flats,1243034
2008,Residents,Total HDB Dwellings,HDB 5-Room And Executive Flats,1046011
2008,0-4 Years,Total HDB Dwellings,HDB 1- And 2-Room Flats,4158
2008,0-4 Years,Total HDB Dwellings,HDB 3-Room Flats,27235
2008,0-4 Years,Total HDB Dwellings,HDB 4-Room Flats,64910
2008,0-4 Years,Total HDB Dwellings,HDB 5-Room And Executive Flats,66951
2008,5-9 Years,Total HDB Dwellings,HDB 1- And 2-Room Flats,3710
2008,5-9 Years,Total HDB Dwellings,HDB 3-Room Flats,28154
2008,5-9 Years,Total HDB Dwellings,HDB 4-Room Flats,75371
2008,5-9 Years,Total HDB Dwellings,HDB 5-Room And Executive Flats,76423
2008,10-14 Years,Total HDB Dwellings,HDB 1- And 2-Room Flats,4052
2008,10-14 Years,Total HDB Dwellings,HDB 3-Room Flats,28306
2008,10-14 Years,Total HDB Dwellings,HDB 4-Room Flats,87716
2008,10-14 Years,Total HDB Dwellings,HDB 5-Room And Executive Flats,85346
2008,15-19 Years,Total HDB Dwellings,HDB 1- And 2-Room Flats,4853
2008,15-19 Years,Total HDB Dwellings,HDB 3-Room Flats,31671
2008,15-19 Years,Total HDB Dwellings,HDB 4-Room Flats,93927
2008,15-19 Years,Total HDB Dwellings,HDB 5-Room And Executive Flats,83153
2008,20-24 Years,Total HDB Dwellings,HDB 1- And 2-Room Flats,5334
2008,20-24 Years,Total HDB Dwellings,HDB 3-Room Flats,34136
2008,20-24 Years,Total HDB Dwellings,HDB 4-Room Flats,84696
2008,20-24 Years,Total HDB Dwellings,HDB 5-Room And Executive Flats,64619
2008,25-29 Years,Total HDB Dwellings,HDB 1- And 2-Room Flats,5333
2008,25-29 Years,Total HDB Dwellings,HDB 3-Room Flats,48506
2008,25-29 Years,Total HDB Dwellings,HDB 4-Room Flats,100106
2008,25-29 Years,Total HDB Dwellings,HDB 5-Room And Executive Flats,72214
2008,30-34 Years,Total HDB Dwellings,HDB 1- And 2-Room Flats,4324
2008,30-34 Years,Total HDB Dwellings,HDB 3-Room Flats,50437
2008,30-34 Years,Total HDB Dwellings,HDB 4-Room Flats,104185
2008,30-34 Years,Total HDB Dwellings,HDB 5-Room And Executive Flats,87692
2008,35-39 Years,Total HDB Dwellings,HDB 1- And 2-Room Flats,5054
2008,35-39 Years,Total HDB Dwellings,HDB 3-Room Flats,48990
2008,35-39 Years,Total HDB Dwellings,HDB 4-Room Flats,102665
2008,35-39 Years,Total HDB Dwellings,HDB 5-Room And Executive Flats,96082
2008,40-44 Years,Total HDB Dwellings,HDB 1- And 2-Room Flats,6610
2008,40-44 Years,Total HDB Dwellings,HDB 3-Room Flats,52714
2008,40-44 Years,Total HDB Dwellings,HDB 4-Room Flats,106448
2008,40-44 Years,Total HDB Dwellings,HDB 5-Room And Executive Flats,93190
2008,45-49 Years,Total HDB Dwellings,HDB 1- And 2-Room Flats,8298
2008,45-49 Years,Total HDB Dwellings,HDB 3-Room Flats,54432
2008,45-49 Years,Total HDB Dwellings,HDB 4-Room Flats,106825
2008,45-49 Years,Total HDB Dwellings,HDB 5-Room And Executive Flats,90108
2008,50-54 Years,Total HDB Dwellings,HDB 1- And 2-Room Flats,9348
2008,50-54 Years,Total HDB Dwellings,HDB 3-Room Flats,52792
2008,50-54 Years,Total HDB Dwellings,HDB 4-Room Flats,98129
2008,50-54 Years,Total HDB Dwellings,HDB 5-Room And Executive Flats,77201
2008,55-59 Years,Total HDB Dwellings,HDB 1- And 2-Room Flats,8774
2008,55-59 Years,Total HDB Dwellings,HDB 3-Room Flats,46796
2008,55-59 Years,Total HDB Dwellings,HDB 4-Room Flats,76668
2008,55-59 Years,Total HDB Dwellings,HDB 5-Room And Executive Flats,57023
2008,60-64 Years,Total HDB Dwellings,HDB 1- And 2-Room Flats,7654
2008,60-64 Years,Total HDB Dwellings,HDB 3-Room Flats,35815
2008,60-64 Years,Total HDB Dwellings,HDB 4-Room Flats,48430
2008,60-64 Years,Total HDB Dwellings,HDB 5-Room And Executive Flats,34162
2008,65-69 Years,Total HDB Dwellings,HDB 1- And 2-Room Flats,7585
2008,65-69 Years,Total HDB Dwellings,HDB 3-Room Flats,29951
2008,65-69 Years,Total HDB Dwellings,HDB 4-Room Flats,35082
2008,65-69 Years,Total HDB Dwellings,HDB 5-Room And Executive Flats,23435
2008,70-74 Years,Total HDB Dwellings,HDB 1- And 2-Room Flats,6356
2008,70-74 Years,Total HDB Dwellings,HDB 3-Room Flats,21115
2008,70-74 Years,Total HDB Dwellings,HDB 4-Room Flats,23978
2008,70-74 Years,Total HDB Dwellings,HDB 5-Room And Executive Flats,15722
2008,75-79 Years,Total HDB Dwellings,HDB 1- And 2-Room Flats,5038
2008,75-79 Years,Total HDB Dwellings,HDB 3-Room Flats,14050
2008,75-79 Years,Total HDB Dwellings,HDB 4-Room Flats,17392
2008,75-79 Years,Total HDB Dwellings,HDB 5-Room And Executive Flats,11191
2008,80-84 Years,Total HDB Dwellings,HDB 1- And 2-Room Flats,2668
2008,80-84 Years,Total HDB Dwellings,HDB 3-Room Flats,7359
2008,80-84 Years,Total HDB Dwellings,HDB 4-Room Flats,9780
2008,80-84 Years,Total HDB Dwellings,HDB 5-Room And Executive Flats,6671
2008,85 Years & Over,Total HDB Dwellings,HDB 1- And 2-Room Flats,2153
2008,85 Years & Over,Total HDB Dwellings,HDB 3-Room Flats,5100
2008,85 Years & Over,Total HDB Dwellings,HDB 4-Room Flats,6726
2008,85 Years & Over,Total HDB Dwellings,HDB 5-Room And Executive Flats,4828
2009,Residents,Total HDB Dwellings,HDB 1- And 2-Room Flats,106133
2009,Residents,Total HDB Dwellings,HDB 3-Room Flats,632943
2009,Residents,Total HDB Dwellings,HDB 4-Room Flats,1272084
2009,Residents,Total HDB Dwellings,HDB 5-Room And Executive Flats,1069368
2009,0-4 Years,Total HDB Dwellings,HDB 1- And 2-Room Flats,4615
2009,0-4 Years,Total HDB Dwellings,HDB 3-Room Flats,28277
2009,0-4 Years,Total HDB Dwellings,HDB 4-Room Flats,66935
2009,0-4 Years,Total HDB Dwellings,HDB 5-Room And Executive Flats,66919
2009,5-9 Years,Total HDB Dwellings,HDB 1- And 2-Room Flats,4104
2009,5-9 Years,Total HDB Dwellings,HDB 3-Room Flats,28370
2009,5-9 Years,Total HDB Dwellings,HDB 4-Room Flats,73708
2009,5-9 Years,Total HDB Dwellings,HDB 5-Room And Executive Flats,75343
2009,10-14 Years,Total HDB Dwellings,HDB 1- And 2-Room Flats,4375
2009,10-14 Years,Total HDB Dwellings,HDB 3-Room Flats,28647
2009,10-14 Years,Total HDB Dwellings,HDB 4-Room Flats,84866
2009,10-14 Years,Total HDB Dwellings,HDB 5-Room And Executive Flats,83653
2009,15-19 Years,Total HDB Dwellings,HDB 1- And 2-Room Flats,5241
2009,15-19 Years,Total HDB Dwellings,HDB 3-Room Flats,31127
2009,15-19 Years,Total HDB Dwellings,HDB 4-Room Flats,92981
2009,15-19 Years,Total HDB Dwellings,HDB 5-Room And Executive Flats,83900
2009,20-24 Years,Total HDB Dwellings,HDB 1- And 2-Room Flats,5689
2009,20-24 Years,Total HDB Dwellings,HDB 3-Room Flats,34979
2009,20-24 Years,Total HDB Dwellings,HDB 4-Room Flats,89534
2009,20-24 Years,Total HDB Dwellings,HDB 5-Room And Executive Flats,70879
2009,25-29 Years,Total HDB Dwellings,HDB 1- And 2-Room Flats,5707
2009,25-29 Years,Total HDB Dwellings,HDB 3-Room Flats,50139
2009,25-29 Years,Total HDB Dwellings,HDB 4-Room Flats,105237
2009,25-29 Years,Total HDB Dwellings,HDB 5-Room And Executive Flats,74659
2009,30-34 Years,Total HDB Dwellings,HDB 1- And 2-Room Flats,4536
2009,30-34 Years,Total HDB Dwellings,HDB 3-Room Flats,52457
2009,30-34 Years,Total HDB Dwellings,HDB 4-Room Flats,108261
2009,30-34 Years,Total HDB Dwellings,HDB 5-Room And Executive Flats,87620
2009,35-39 Years,Total HDB Dwellings,HDB 1- And 2-Room Flats,5254
2009,35-39 Years,Total HDB Dwellings,HDB 3-Room Flats,51171
2009,35-39 Years,Total HDB Dwellings,HDB 4-Room Flats,106321
2009,35-39 Years,Total HDB Dwellings,HDB 5-Room And Executive Flats,98379
2009,40-44 Years,Total HDB Dwellings,HDB 1- And 2-Room Flats,6728
2009,40-44 Years,Total HDB Dwellings,HDB 3-Room Flats,51803
2009,40-44 Years,Total HDB Dwellings,HDB 4-Room Flats,104022
2009,40-44 Years,Total HDB Dwellings,HDB 5-Room And Executive Flats,92119
2009,45-49 Years,Total HDB Dwellings,HDB 1- And 2-Room Flats,8412
2009,45-49 Years,Total HDB Dwellings,HDB 3-Room Flats,55077
2009,45-49 Years,Total HDB Dwellings,HDB 4-Room Flats,108130
2009,45-49 Years,Total HDB Dwellings,HDB 5-Room And Executive Flats,91112
2009,50-54 Years,Total HDB Dwellings,HDB 1- And 2-Room Flats,9646
2009,50-54 Years,Total HDB Dwellings,HDB 3-Room Flats,53502
2009,50-54 Years,Total HDB Dwellings,HDB 4-Room Flats,100477
2009,50-54 Years,Total HDB Dwellings,HDB 5-Room And Executive Flats,80480
2009,55-59 Years,Total HDB Dwellings,HDB 1- And 2-Room Flats,9197
2009,55-59 Years,Total HDB Dwellings,HDB 3-Room Flats,47883
2009,55-59 Years,Total HDB Dwellings,HDB 4-Room Flats,80518
2009,55-59 Years,Total HDB Dwellings,HDB 5-Room And Executive Flats,60437
2009,60-64 Years,Total HDB Dwellings,HDB 1- And 2-Room Flats,8197
2009,60-64 Years,Total HDB Dwellings,HDB 3-Room Flats,38688
2009,60-64 Years,Total HDB Dwellings,HDB 4-Room Flats,53890
2009,60-64 Years,Total HDB Dwellings,HDB 5-Room And Executive Flats,38648
2009,65-69 Years,Total HDB Dwellings,HDB 1- And 2-Room Flats,7435
2009,65-69 Years,Total HDB Dwellings,HDB 3-Room Flats,29542
2009,65-69 Years,Total HDB Dwellings,HDB 4-Room Flats,35757
2009,65-69 Years,Total HDB Dwellings,HDB 5-Room And Executive Flats,24050
2009,70-74 Years,Total HDB Dwellings,HDB 1- And 2-Room Flats,6664
2009,70-74 Years,Total HDB Dwellings,HDB 3-Room Flats,22818
2009,70-74 Years,Total HDB Dwellings,HDB 4-Room Flats,25617
2009,70-74 Years,Total HDB Dwellings,HDB 5-Room And Executive Flats,17129
2009,75-79 Years,Total HDB Dwellings,HDB 1- And 2-Room Flats,5149
2009,75-79 Years,Total HDB Dwellings,HDB 3-Room Flats,14920
2009,75-79 Years,Total HDB Dwellings,HDB 4-Room Flats,18150
2009,75-79 Years,Total HDB Dwellings,HDB 5-Room And Executive Flats,11759
2009,80-84 Years,Total HDB Dwellings,HDB 1- And 2-Room Flats,2996
2009,80-84 Years,Total HDB Dwellings,HDB 3-Room Flats,8199
2009,80-84 Years,Total HDB Dwellings,HDB 4-Room Flats,10684
2009,80-84 Years,Total HDB Dwellings,HDB 5-Room And Executive Flats,7138
2009,85 Years & Over,Total HDB Dwellings,HDB 1- And 2-Room Flats,2188
2009,85 Years & Over,Total HDB Dwellings,HDB 3-Room Flats,5344
2009,85 Years & Over,Total HDB Dwellings,HDB 4-Room Flats,6996
2009,85 Years & Over,Total HDB Dwellings,HDB 5-Room And Executive Flats,5144
2010,Residents,Total HDB Dwellings,HDB 1- And 2-Room Flats,112433
2010,Residents,Total HDB Dwellings,HDB 3-Room Flats,632538
2010,Residents,Total HDB Dwellings,HDB 4-Room Flats,1279865
2010,Residents,Total HDB Dwellings,HDB 5-Room And Executive Flats,1076353
2010,0-4 Years,Total HDB Dwellings,HDB 1- And 2-Room Flats,5191
2010,0-4 Years,Total HDB Dwellings,HDB 3-Room Flats,26854
2010,0-4 Years,Total HDB Dwellings,HDB 4-Room Flats,66006
2010,0-4 Years,Total HDB Dwellings,HDB 5-Room And Executive Flats,64854
2010,5-9 Years,Total HDB Dwellings,HDB 1- And 2-Room Flats,4735
2010,5-9 Years,Total HDB Dwellings,HDB 3-Room Flats,27565
2010,5-9 Years,Total HDB Dwellings,HDB 4-Room Flats,70364
2010,5-9 Years,Total HDB Dwellings,HDB 5-Room And Executive Flats,72708
2010,10-14 Years,Total HDB Dwellings,HDB 1- And 2-Room Flats,5006
2010,10-14 Years,Total HDB Dwellings,HDB 3-Room Flats,28665
2010,10-14 Years,Total HDB Dwellings,HDB 4-Room Flats,82176
2010,10-14 Years,Total HDB Dwellings,HDB 5-Room And Executive Flats,81759
2010,15-19 Years,Total HDB Dwellings,HDB 1- And 2-Room Flats,5789
2010,15-19 Years,Total HDB Dwellings,HDB 3-Room Flats,30999
2010,15-19 Years,Total HDB Dwellings,HDB 4-Room Flats,91728
2010,15-19 Years,Total HDB Dwellings,HDB 5-Room And Executive Flats,84881
2010,20-24 Years,Total HDB Dwellings,HDB 1- And 2-Room Flats,6184
2010,20-24 Years,Total HDB Dwellings,HDB 3-Room Flats,34191
2010,20-24 Years,Total HDB Dwellings,HDB 4-Room Flats,90636
2010,20-24 Years,Total HDB Dwellings,HDB 5-Room And Executive Flats,73581
2010,25-29 Years,Total HDB Dwellings,HDB 1- And 2-Room Flats,6155
2010,25-29 Years,Total HDB Dwellings,HDB 3-Room Flats,47719
2010,25-29 Years,Total HDB Dwellings,HDB 4-Room Flats,104784
2010,25-29 Years,Total HDB Dwellings,HDB 5-Room And Executive Flats,74469
2010,30-34 Years,Total HDB Dwellings,HDB 1- And 2-Room Flats,4823
2010,30-34 Years,Total HDB Dwellings,HDB 3-Room Flats,51972
2010,30-34 Years,Total HDB Dwellings,HDB 4-Room Flats,109965
2010,30-34 Years,Total HDB Dwellings,HDB 5-Room And Executive Flats,86374
2010,35-39 Years,Total HDB Dwellings,HDB 1- And 2-Room Flats,5547
2010,35-39 Years,Total HDB Dwellings,HDB 3-Room Flats,51468
2010,35-39 Years,Total HDB Dwellings,HDB 4-Room Flats,107242
2010,35-39 Years,Total HDB Dwellings,HDB 5-Room And Executive Flats,97585
2010,40-44 Years,Total HDB Dwellings,HDB 1- And 2-Room Flats,6954
2010,40-44 Years,Total HDB Dwellings,HDB 3-Room Flats,50297
2010,40-44 Years,Total HDB Dwellings,HDB 4-Room Flats,101610
2010,40-44 Years,Total HDB Dwellings,HDB 5-Room And Executive Flats,91152
2010,45-49 Years,Total HDB Dwellings,HDB 1- And 2-Room Flats,8770
2010,45-49 Years,Total HDB Dwellings,HDB 3-Room Flats,54994
2010,45-49 Years,Total HDB Dwellings,HDB 4-Room Flats,107922
2010,45-49 Years,Total HDB Dwellings,HDB 5-Room And Executive Flats,91110
2010,50-54 Years,Total HDB Dwellings,HDB 1- And 2-Room Flats,10150
2010,50-54 Years,Total HDB Dwellings,HDB 3-Room Flats,54106
2010,50-54 Years,Total HDB Dwellings,HDB 4-Room Flats,101970
2010,50-54 Years,Total HDB Dwellings,HDB 5-Room And Executive Flats,82686
2010,55-59 Years,Total HDB Dwellings,HDB 1- And 2-Room Flats,9518
2010,55-59 Years,Total HDB Dwellings,HDB 3-Room Flats,48529
2010,55-59 Years,Total HDB Dwellings,HDB 4-Room Flats,84079
2010,55-59 Years,Total HDB Dwellings,HDB 5-Room And Executive Flats,63245
2010,60-64 Years,Total HDB Dwellings,HDB 1- And 2-Room Flats,9167
2010,60-64 Years,Total HDB Dwellings,HDB 3-Room Flats,42593
2010,60-64 Years,Total HDB Dwellings,HDB 4-Room Flats,61611
2010,60-64 Years,Total HDB Dwellings,HDB 5-Room And Executive Flats,44515
2010,65-69 Years,Total HDB Dwellings,HDB 1- And 2-Room Flats,6793
2010,65-69 Years,Total HDB Dwellings,HDB 3-Room Flats,27574
2010,65-69 Years,Total HDB Dwellings,HDB 4-Room Flats,34339
2010,65-69 Years,Total HDB Dwellings,HDB 5-Room And Executive Flats,23637
2010,70-74 Years,Total HDB Dwellings,HDB 1- And 2-Room Flats,6923
2010,70-74 Years,Total HDB Dwellings,HDB 3-Room Flats,24311
2010,70-74 Years,Total HDB Dwellings,HDB 4-Room Flats,27130
2010,70-74 Years,Total HDB Dwellings,HDB 5-Room And Executive Flats,18172
2010,75-79 Years,Total HDB Dwellings,HDB 1- And 2-Room Flats,5314
2010,75-79 Years,Total HDB Dwellings,HDB 3-Room Flats,16059
2010,75-79 Years,Total HDB Dwellings,HDB 4-Room Flats,19385
2010,75-79 Years,Total HDB Dwellings,HDB 5-Room And Executive Flats,12457
2010,80-84 Years,Total HDB Dwellings,HDB 1- And 2-Room Flats,3196
2010,80-84 Years,Total HDB Dwellings,HDB 3-Room Flats,8868
2010,80-84 Years,Total HDB Dwellings,HDB 4-Room Flats,11442
2010,80-84 Years,Total HDB Dwellings,HDB 5-Room And Executive Flats,7732
2010,85 Years & Over,Total HDB Dwellings,HDB 1- And 2-Room Flats,2218
2010,85 Years & Over,Total HDB Dwellings,HDB 3-Room Flats,5774
2010,85 Years & Over,Total HDB Dwellings,HDB 4-Room Flats,7476
2010,85 Years & Over,Total HDB Dwellings,HDB 5-Room And Executive Flats,5436
2011,Residents,Total HDB Dwellings,HDB 1- And 2-Room Flats,122473
2011,Residents,Total HDB Dwellings,HDB 3-Room Flats,629207
2011,Residents,Total HDB Dwellings,HDB 4-Room Flats,1283524
2011,Residents,Total HDB Dwellings,HDB 5-Room And Executive Flats,1077235
2011,0-4 Years,Total HDB Dwellings,HDB 1- And 2-Room Flats,5878
2011,0-4 Years,Total HDB Dwellings,HDB 3-Room Flats,25342
2011,0-4 Years,Total HDB Dwellings,HDB 4-Room Flats,64479
2011,0-4 Years,Total HDB Dwellings,HDB 5-Room And Executive Flats,61618
2011,5-9 Years,Total HDB Dwellings,HDB 1- And 2-Room Flats,5537
2011,5-9 Years,Total HDB Dwellings,HDB 3-Room Flats,26714
2011,5-9 Years,Total HDB Dwellings,HDB 4-Room Flats,66947
2011,5-9 Years,Total HDB Dwellings,HDB 5-Room And Executive Flats,69509
2011,10-14 Years,Total HDB Dwellings,HDB 1- And 2-Room Flats,5675
2011,10-14 Years,Total HDB Dwellings,HDB 3-Room Flats,28965
2011,10-14 Years,Total HDB Dwellings,HDB 4-Room Flats,79655
2011,10-14 Years,Total HDB Dwellings,HDB 5-Room And Executive Flats,80366
2011,15-19 Years,Total HDB Dwellings,HDB 1- And 2-Room Flats,6549
2011,15-19 Years,Total HDB Dwellings,HDB 3-Room Flats,30569
2011,15-19 Years,Total HDB Dwellings,HDB 4-Room Flats,89612
2011,15-19 Years,Total HDB Dwellings,HDB 5-Room And Executive Flats,84280
2011,20-24 Years,Total HDB Dwellings,HDB 1- And 2-Room Flats,7081
2011,20-24 Years,Total HDB Dwellings,HDB 3-Room Flats,34270
2011,20-24 Years,Total HDB Dwellings,HDB 4-Room Flats,92261
2011,20-24 Years,Total HDB Dwellings,HDB 5-Room And Executive Flats,77032
2011,25-29 Years,Total HDB Dwellings,HDB 1- And 2-Room Flats,6851
2011,25-29 Years,Total HDB Dwellings,HDB 3-Room Flats,44114
2011,25-29 Years,Total HDB Dwellings,HDB 4-Room Flats,101614
2011,25-29 Years,Total HDB Dwellings,HDB 5-Room And Executive Flats,71925
2011,30-34 Years,Total HDB Dwellings,HDB 1- And 2-Room Flats,5345
2011,30-34 Years,Total HDB Dwellings,HDB 3-Room Flats,50770
2011,30-34 Years,Total HDB Dwellings,HDB 4-Room Flats,112331
2011,30-34 Years,Total HDB Dwellings,HDB 5-Room And Executive Flats,84543
2011,35-39 Years,Total HDB Dwellings,HDB 1- And 2-Room Flats,5949
2011,35-39 Years,Total HDB Dwellings,HDB 3-Room Flats,50920
2011,35-39 Years,Total HDB Dwellings,HDB 4-Room Flats,106669
2011,35-39 Years,Total HDB Dwellings,HDB 5-Room And Executive Flats,94723
2011,40-44 Years,Total HDB Dwellings,HDB 1- And 2-Room Flats,7236
2011,40-44 Years,Total HDB Dwellings,HDB 3-Room Flats,49021
2011,40-44 Years,Total HDB Dwellings,HDB 4-Room Flats,99434
2011,40-44 Years,Total HDB Dwellings,HDB 5-Room And Executive Flats,90595
2011,45-49 Years,Total HDB Dwellings,HDB 1- And 2-Room Flats,9342
2011,45-49 Years,Total HDB Dwellings,HDB 3-Room Flats,54918
2011,45-49 Years,Total HDB Dwellings,HDB 4-Room Flats,107861
2011,45-49 Years,Total HDB Dwellings,HDB 5-Room And Executive Flats,90941
2011,50-54 Years,Total HDB Dwellings,HDB 1- And 2-Room Flats,10941
2011,50-54 Years,Total HDB Dwellings,HDB 3-Room Flats,54483
2011,50-54 Years,Total HDB Dwellings,HDB 4-Room Flats,103143
2011,50-54 Years,Total HDB Dwellings,HDB 5-Room And Executive Flats,84560
2011,55-59 Years,Total HDB Dwellings,HDB 1- And 2-Room Flats,10389
2011,55-59 Years,Total HDB Dwellings,HDB 3-Room Flats,49841
2011,55-59 Years,Total HDB Dwellings,HDB 4-Room Flats,88288
2011,55-59 Years,Total HDB Dwellings,HDB 5-Room And Executive Flats,67000
2011,60-64 Years,Total HDB Dwellings,HDB 1- And 2-Room Flats,10132
2011,60-64 Years,Total HDB Dwellings,HDB 3-Room Flats,44639
2011,60-64 Years,Total HDB Dwellings,HDB 4-Room Flats,67344
2011,60-64 Years,Total HDB Dwellings,HDB 5-Room And Executive Flats,49153
2011,65-69 Years,Total HDB Dwellings,HDB 1- And 2-Room Flats,6866
2011,65-69 Years,Total HDB Dwellings,HDB 3-Room Flats,26807
2011,65-69 Years,Total HDB Dwellings,HDB 4-Room Flats,34502
2011,65-69 Years,Total HDB Dwellings,HDB 5-Room And Executive Flats,24188
2011,70-74 Years,Total HDB Dwellings,HDB 1- And 2-Room Flats,7427
2011,70-74 Years,Total HDB Dwellings,HDB 3-Room Flats,25898
2011,70-74 Years,Total HDB Dwellings,HDB 4-Room Flats,29648
2011,70-74 Years,Total HDB Dwellings,HDB 5-Room And Executive Flats,19860
2011,75-79 Years,Total HDB Dwellings,HDB 1- And 2-Room Flats,5494
2011,75-79 Years,Total HDB Dwellings,HDB 3-Room Flats,16466
2011,75-79 Years,Total HDB Dwellings,HDB 4-Room Flats,19696
2011,75-79 Years,Total HDB Dwellings,HDB 5-Room And Executive Flats,12919
2011,80-84 Years,Total HDB Dwellings,HDB 1- And 2-Room Flats,3396
2011,80-84 Years,Total HDB Dwellings,HDB 3-Room Flats,9382
2011,80-84 Years,Total HDB Dwellings,HDB 4-Room Flats,12034
2011,80-84 Years,Total HDB Dwellings,HDB 5-Room And Executive Flats,8191
2011,85 Years & Over,Total HDB Dwellings,HDB 1- And 2-Room Flats,2385
2011,85 Years & Over,Total HDB Dwellings,HDB 3-Room Flats,6088
2011,85 Years & Over,Total HDB Dwellings,HDB 4-Room Flats,8006
2011,85 Years & Over,Total HDB Dwellings,HDB 5-Room And Executive Flats,5832
2012,Residents,Total HDB Dwellings,HDB 1- And 2-Room Flats,132214
2012,Residents,Total HDB Dwellings,HDB 3-Room Flats,621569
2012,Residents,Total HDB Dwellings,HDB 4-Room Flats,1294678
2012,Residents,Total HDB Dwellings,HDB 5-Room And Executive Flats,1080226
2012,0-4 Years,Total HDB Dwellings,HDB 1- And 2-Room Flats,6571
2012,0-4 Years,Total HDB Dwellings,HDB 3-Room Flats,23932
2012,0-4 Years,Total HDB Dwellings,HDB 4-Room Flats,65424
2012,0-4 Years,Total HDB Dwellings,HDB 5-Room And Executive Flats,59407
2012,5-9 Years,Total HDB Dwellings,HDB 1- And 2-Room Flats,6389
2012,5-9 Years,Total HDB Dwellings,HDB 3-Room Flats,26269
2012,5-9 Years,Total HDB Dwellings,HDB 4-Room Flats,66002
2012,5-9 Years,Total HDB Dwellings,HDB 5-Room And Executive Flats,67589
2012,10-14 Years,Total HDB Dwellings,HDB 1- And 2-Room Flats,6387
2012,10-14 Years,Total HDB Dwellings,HDB 3-Room Flats,27971
2012,10-14 Years,Total HDB Dwellings,HDB 4-Room Flats,76266
2012,10-14 Years,Total HDB Dwellings,HDB 5-Room And Executive Flats,77508
2012,15-19 Years,Total HDB Dwellings,HDB 1- And 2-Room Flats,7187
2012,15-19 Years,Total HDB Dwellings,HDB 3-Room Flats,30019
2012,15-19 Years,Total HDB Dwellings,HDB 4-Room Flats,87912
2012,15-19 Years,Total HDB Dwellings,HDB 5-Room And Executive Flats,84036
2012,20-24 Years,Total HDB Dwellings,HDB 1- And 2-Room Flats,8071
2012,20-24 Years,Total HDB Dwellings,HDB 3-Room Flats,34252
2012,20-24 Years,Total HDB Dwellings,HDB 4-Room Flats,94145
2012,20-24 Years,Total HDB Dwellings,HDB 5-Room And Executive Flats,80895
2012,25-29 Years,Total HDB Dwellings,HDB 1- And 2-Room Flats,7381
2012,25-29 Years,Total HDB Dwellings,HDB 3-Room Flats,40963
2012,25-29 Years,Total HDB Dwellings,HDB 4-Room Flats,98878
2012,25-29 Years,Total HDB Dwellings,HDB 5-Room And Executive Flats,69832
2012,30-34 Years,Total HDB Dwellings,HDB 1- And 2-Room Flats,6009
2012,30-34 Years,Total HDB Dwellings,HDB 3-Room Flats,48882
2012,30-34 Years,Total HDB Dwellings,HDB 4-Room Flats,114430
2012,30-34 Years,Total HDB Dwellings,HDB 5-Room And Executive Flats,82284
2012,35-39 Years,Total HDB Dwellings,HDB 1- And 2-Room Flats,6051
2012,35-39 Years,Total HDB Dwellings,HDB 3-Room Flats,49855
2012,35-39 Years,Total HDB Dwellings,HDB 4-Room Flats,107657
2012,35-39 Years,Total HDB Dwellings,HDB 5-Room And Executive Flats,92365
2012,40-44 Years,Total HDB Dwellings,HDB 1- And 2-Room Flats,7590
2012,40-44 Years,Total HDB Dwellings,HDB 3-Room Flats,48223
2012,40-44 Years,Total HDB Dwellings,HDB 4-Room Flats,99634
2012,40-44 Years,Total HDB Dwellings,HDB 5-Room And Executive Flats,90894
2012,45-49 Years,Total HDB Dwellings,HDB 1- And 2-Room Flats,9898
2012,45-49 Years,Total HDB Dwellings,HDB 3-Room Flats,53410
2012,45-49 Years,Total HDB Dwellings,HDB 4-Room Flats,106167
2012,45-49 Years,Total HDB Dwellings,HDB 5-Room And Executive Flats,90127
2012,50-54 Years,Total HDB Dwellings,HDB 1- And 2-Room Flats,11526
2012,50-54 Years,Total HDB Dwellings,HDB 3-Room Flats,53671
2012,50-54 Years,Total HDB Dwellings,HDB 4-Room Flats,103494
2012,50-54 Years,Total HDB Dwellings,HDB 5-Room And Executive Flats,85709
2012,55-59 Years,Total HDB Dwellings,HDB 1- And 2-Room Flats,11230
2012,55-59 Years,Total HDB Dwellings,HDB 3-Room Flats,50649
2012,55-59 Years,Total HDB Dwellings,HDB 4-Room Flats,92384
2012,55-59 Years,Total HDB Dwellings,HDB 5-Room And Executive Flats,70470
2012,60-64 Years,Total HDB Dwellings,HDB 1- And 2-Room Flats,10566
2012,60-64 Years,Total HDB Dwellings,HDB 3-Room Flats,44142
2012,60-64 Years,Total HDB Dwellings,HDB 4-Room Flats,69882
2012,60-64 Years,Total HDB Dwellings,HDB 5-Room And Executive Flats,51764
2012,65-69 Years,Total HDB Dwellings,HDB 1- And 2-Room Flats,7812
2012,65-69 Years,Total HDB Dwellings,HDB 3-Room Flats,29976
2012,65-69 Years,Total HDB Dwellings,HDB 4-Room Flats,39957
2012,65-69 Years,Total HDB Dwellings,HDB 5-Room And Executive Flats,28147
2012,70-74 Years,Total HDB Dwellings,HDB 1- And 2-Room Flats,7804
2012,70-74 Years,Total HDB Dwellings,HDB 3-Room Flats,26361
2012,70-74 Years,Total HDB Dwellings,HDB 4-Room Flats,31289
2012,70-74 Years,Total HDB Dwellings,HDB 5-Room And Executive Flats,21065
2012,75-79 Years,Total HDB Dwellings,HDB 1- And 2-Room Flats,5540
2012,75-79 Years,Total HDB Dwellings,HDB 3-Room Flats,16629
2012,75-79 Years,Total HDB Dwellings,HDB 4-Room Flats,19681
2012,75-79 Years,Total HDB Dwellings,HDB 5-Room And Executive Flats,13244
2012,80-84 Years,Total HDB Dwellings,HDB 1- And 2-Room Flats,3577
2012,80-84 Years,Total HDB Dwellings,HDB 3-Room Flats,9808
2012,80-84 Years,Total HDB Dwellings,HDB 4-Room Flats,12660
2012,80-84 Years,Total HDB Dwellings,HDB 5-Room And Executive Flats,8616
2012,85 Years & Over,Total HDB Dwellings,HDB 1- And 2-Room Flats,2625
2012,85 Years & Over,Total HDB Dwellings,HDB 3-Room Flats,6557
2012,85 Years & Over,Total HDB Dwellings,HDB 4-Room Flats,8816
2012,85 Years & Over,Total HDB Dwellings,HDB 5-Room And Executive Flats,6274
2013,Residents,Total HDB Dwellings,HDB 1- And 2-Room Flats,143445
2013,Residents,Total HDB Dwellings,HDB 3-Room Flats,612096
2013,Residents,Total HDB Dwellings,HDB 4-Room Flats,1303959
2013,Residents,Total HDB Dwellings,HDB 5-Room And Executive Flats,1081223
2013,0-4 Years,Total HDB Dwellings,HDB 1- And 2-Room Flats,7219
2013,0-4 Years,Total HDB Dwellings,HDB 3-Room Flats,22558
2013,0-4 Years,Total HDB Dwellings,HDB 4-Room Flats,65697
2013,0-4 Years,Total HDB Dwellings,HDB 5-Room And Executive Flats,56342
2013,5-9 Years,Total HDB Dwellings,HDB 1- And 2-Room Flats,7293
2013,5-9 Years,Total HDB Dwellings,HDB 3-Room Flats,25516
2013,5-9 Years,Total HDB Dwellings,HDB 4-Room Flats,65762
2013,5-9 Years,Total HDB Dwellings,HDB 5-Room And Executive Flats,66181
2013,10-14 Years,Total HDB Dwellings,HDB 1- And 2-Room Flats,7261
2013,10-14 Years,Total HDB Dwellings,HDB 3-Room Flats,26953
2013,10-14 Years,Total HDB Dwellings,HDB 4-Room Flats,72883
2013,10-14 Years,Total HDB Dwellings,HDB 5-Room And Executive Flats,74405
2013,15-19 Years,Total HDB Dwellings,HDB 1- And 2-Room Flats,8025
2013,15-19 Years,Total HDB Dwellings,HDB 3-Room Flats,29039
2013,15-19 Years,Total HDB Dwellings,HDB 4-Room Flats,85462
2013,15-19 Years,Total HDB Dwellings,HDB 5-Room And Executive Flats,83210
2013,20-24 Years,Total HDB Dwellings,HDB 1- And 2-Room Flats,8974
2013,20-24 Years,Total HDB Dwellings,HDB 3-Room Flats,33620
2013,20-24 Years,Total HDB Dwellings,HDB 4-Room Flats,93938
2013,20-24 Years,Total HDB Dwellings,HDB 5-Room And Executive Flats,82014
2013,25-29 Years,Total HDB Dwellings,HDB 1- And 2-Room Flats,8112
2013,25-29 Years,Total HDB Dwellings,HDB 3-Room Flats,38954
2013,25-29 Years,Total HDB Dwellings,HDB 4-Room Flats,98684
2013,25-29 Years,Total HDB Dwellings,HDB 5-Room And Executive Flats,70994
2013,30-34 Years,Total HDB Dwellings,HDB 1- And 2-Room Flats,6841
2013,30-34 Years,Total HDB Dwellings,HDB 3-Room Flats,47335
2013,30-34 Years,Total HDB Dwellings,HDB 4-Room Flats,117201
2013,30-34 Years,Total HDB Dwellings,HDB 5-Room And Executive Flats,81338
2013,35-39 Years,Total HDB Dwellings,HDB 1- And 2-Room Flats,6143
2013,35-39 Years,Total HDB Dwellings,HDB 3-Room Flats,47669
2013,35-39 Years,Total HDB Dwellings,HDB 4-Room Flats,107336
2013,35-39 Years,Total HDB Dwellings,HDB 5-Room And Executive Flats,87728
2013,40-44 Years,Total HDB Dwellings,HDB 1- And 2-Room Flats,8122
2013,40-44 Years,Total HDB Dwellings,HDB 3-Room Flats,47742
2013,40-44 Years,Total HDB Dwellings,HDB 4-Room Flats,100529
2013,40-44 Years,Total HDB Dwellings,HDB 5-Room And Executive Flats,91484
2013,45-49 Years,Total HDB Dwellings,HDB 1- And 2-Room Flats,10613
2013,45-49 Years,Total HDB Dwellings,HDB 3-Room Flats,51467
2013,45-49 Years,Total HDB Dwellings,HDB 4-Room Flats,103575
2013,45-49 Years,Total HDB Dwellings,HDB 5-Room And Executive Flats,88847
2013,50-54 Years,Total HDB Dwellings,HDB 1- And 2-Room Flats,12176
2013,50-54 Years,Total HDB Dwellings,HDB 3-Room Flats,53225
2013,50-54 Years,Total HDB Dwellings,HDB 4-Room Flats,103995
2013,50-54 Years,Total HDB Dwellings,HDB 5-Room And Executive Flats,86208
2013,55-59 Years,Total HDB Dwellings,HDB 1- And 2-Room Flats,12233
2013,55-59 Years,Total HDB Dwellings,HDB 3-Room Flats,50882
2013,55-59 Years,Total HDB Dwellings,HDB 4-Room Flats,95096
2013,55-59 Years,Total HDB Dwellings,HDB 5-Room And Executive Flats,73820
2013,60-64 Years,Total HDB Dwellings,HDB 1- And 2-Room Flats,11258
2013,60-64 Years,Total HDB Dwellings,HDB 3-Room Flats,44102
2013,60-64 Years,Total HDB Dwellings,HDB 4-Room Flats,73357
2013,60-64 Years,Total HDB Dwellings,HDB 5-Room And Executive Flats,54558
2013,65-69 Years,Total HDB Dwellings,HDB 1- And 2-Room Flats,8922
2013,65-69 Years,Total HDB Dwellings,HDB 3-Room Flats,32647
2013,65-69 Years,Total HDB Dwellings,HDB 4-Room Flats,45325
2013,65-69 Years,Total HDB Dwellings,HDB 5-Room And Executive Flats,32616
2013,70-74 Years,Total HDB Dwellings,HDB 1- And 2-Room Flats,7819
2013,70-74 Years,Total HDB Dwellings,HDB 3-Room Flats,26005
2013,70-74 Years,Total HDB Dwellings,HDB 4-Room Flats,31852
2013,70-74 Years,Total HDB Dwellings,HDB 5-Room And Executive Flats,21695
2013,75-79 Years,Total HDB Dwellings,HDB 1- And 2-Room Flats,5777
2013,75-79 Years,Total HDB Dwellings,HDB 3-Room Flats,17148
2013,75-79 Years,Total HDB Dwellings,HDB 4-Room Flats,20419
2013,75-79 Years,Total HDB Dwellings,HDB 5-Room And Executive Flats,13978
2013,80-84 Years,Total HDB Dwellings,HDB 1- And 2-Room Flats,3825
2013,80-84 Years,Total HDB Dwellings,HDB 3-Room Flats,10240
2013,80-84 Years,Total HDB Dwellings,HDB 4-Room Flats,13342
2013,80-84 Years,Total HDB Dwellings,HDB 5-Room And Executive Flats,8983
2013,85 Years & Over,Total HDB Dwellings,HDB 1- And 2-Room Flats,2832
2013,85 Years & Over,Total HDB Dwellings,HDB 3-Room Flats,6994
2013,85 Years & Over,Total HDB Dwellings,HDB 4-Room Flats,9506
2013,85 Years & Over,Total HDB Dwellings,HDB 5-Room And Executive Flats,6822
2014,Residents,Total HDB Dwellings,HDB 1- And 2-Room Flats,151720
2014,Residents,Total HDB Dwellings,HDB 3-Room Flats,609833
2014,Residents,Total HDB Dwellings,HDB 4-Room Flats,1311754
2014,Residents,Total HDB Dwellings,HDB 5-Room And Executive Flats,1077664
2014,0-4 Years,Total HDB Dwellings,HDB 1- And 2-Room Flats,7412
2014,0-4 Years,Total HDB Dwellings,HDB 3-Room Flats,22289
2014,0-4 Years,Total HDB Dwellings,HDB 4-Room Flats,66544
2014,0-4 Years,Total HDB Dwellings,HDB 5-Room And Executive Flats,53355
2014,5-9 Years,Total HDB Dwellings,HDB 1- And 2-Room Flats,7872
2014,5-9 Years,Total HDB Dwellings,HDB 3-Room Flats,25109
2014,5-9 Years,Total HDB Dwellings,HDB 4-Room Flats,66306
2014,5-9 Years,Total HDB Dwellings,HDB 5-Room And Executive Flats,64651
2014,10-14 Years,Total HDB Dwellings,HDB 1- And 2-Room Flats,7748
2014,10-14 Years,Total HDB Dwellings,HDB 3-Room Flats,26342
2014,10-14 Years,Total HDB Dwellings,HDB 4-Room Flats,70030
2014,10-14 Years,Total HDB Dwellings,HDB 5-Room And Executive Flats,71612
2014,15-19 Years,Total HDB Dwellings,HDB 1- And 2-Room Flats,8595
2014,15-19 Years,Total HDB Dwellings,HDB 3-Room Flats,28298
2014,15-19 Years,Total HDB Dwellings,HDB 4-Room Flats,81794
2014,15-19 Years,Total HDB Dwellings,HDB 5-Room And Executive Flats,80322
2014,20-24 Years,Total HDB Dwellings,HDB 1- And 2-Room Flats,9581
2014,20-24 Years,Total HDB Dwellings,HDB 3-Room Flats,32658
2014,20-24 Years,Total HDB Dwellings,HDB 4-Room Flats,91746
2014,20-24 Years,Total HDB Dwellings,HDB 5-Room And Executive Flats,81744
2014,25-29 Years,Total HDB Dwellings,HDB 1- And 2-Room Flats,8676
2014,25-29 Years,Total HDB Dwellings,HDB 3-Room Flats,39346
2014,25-29 Years,Total HDB Dwellings,HDB 4-Room Flats,101071
2014,25-29 Years,Total HDB Dwellings,HDB 5-Room And Executive Flats,74304
2014,30-34 Years,Total HDB Dwellings,HDB 1- And 2-Room Flats,7201
2014,30-34 Years,Total HDB Dwellings,HDB 3-Room Flats,45975
2014,30-34 Years,Total HDB Dwellings,HDB 4-Room Flats,117276
2014,30-34 Years,Total HDB Dwellings,HDB 5-Room And Executive Flats,77864
2014,35-39 Years,Total HDB Dwellings,HDB 1- And 2-Room Flats,6462
2014,35-39 Years,Total HDB Dwellings,HDB 3-Room Flats,46593
2014,35-39 Years,Total HDB Dwellings,HDB 4-Room Flats,108319
2014,35-39 Years,Total HDB Dwellings,HDB 5-Room And Executive Flats,84436
2014,40-44 Years,Total HDB Dwellings,HDB 1- And 2-Room Flats,8318
2014,40-44 Years,Total HDB Dwellings,HDB 3-Room Flats,47908
2014,40-44 Years,Total HDB Dwellings,HDB 4-Room Flats,101422
2014,40-44 Years,Total HDB Dwellings,HDB 5-Room And Executive Flats,91491
2014,45-49 Years,Total HDB Dwellings,HDB 1- And 2-Room Flats,10806
2014,45-49 Years,Total HDB Dwellings,HDB 3-Room Flats,49275
2014,45-49 Years,Total HDB Dwellings,HDB 4-Room Flats,99893
2014,45-49 Years,Total HDB Dwellings,HDB 5-Room And Executive Flats,86635
2014,50-54 Years,Total HDB Dwellings,HDB 1- And 2-Room Flats,12585
2014,50-54 Years,Total HDB Dwellings,HDB 3-Room Flats,53116
2014,50-54 Years,Total HDB Dwellings,HDB 4-Room Flats,104422
2014,50-54 Years,Total HDB Dwellings,HDB 5-Room And Executive Flats,86470
2014,55-59 Years,Total HDB Dwellings,HDB 1- And 2-Room Flats,13183
2014,55-59 Years,Total HDB Dwellings,HDB 3-Room Flats,50994
2014,55-59 Years,Total HDB Dwellings,HDB 4-Room Flats,96988
2014,55-59 Years,Total HDB Dwellings,HDB 5-Room And Executive Flats,76605
2014,60-64 Years,Total HDB Dwellings,HDB 1- And 2-Room Flats,12274
2014,60-64 Years,Total HDB Dwellings,HDB 3-Room Flats,44528
2014,60-64 Years,Total HDB Dwellings,HDB 4-Room Flats,76872
2014,60-64 Years,Total HDB Dwellings,HDB 5-Room And Executive Flats,57488
2014,65-69 Years,Total HDB Dwellings,HDB 1- And 2-Room Flats,9991
2014,65-69 Years,Total HDB Dwellings,HDB 3-Room Flats,34948
2014,65-69 Years,Total HDB Dwellings,HDB 4-Room Flats,50428
2014,65-69 Years,Total HDB Dwellings,HDB 5-Room And Executive Flats,36424
2014,70-74 Years,Total HDB Dwellings,HDB 1- And 2-Room Flats,7858
2014,70-74 Years,Total HDB Dwellings,HDB 3-Room Flats,25391
2014,70-74 Years,Total HDB Dwellings,HDB 4-Room Flats,32357
2014,70-74 Years,Total HDB Dwellings,HDB 5-Room And Executive Flats,22224
2014,75-79 Years,Total HDB Dwellings,HDB 1- And 2-Room Flats,6113
2014,75-79 Years,Total HDB Dwellings,HDB 3-Room Flats,18562
2014,75-79 Years,Total HDB Dwellings,HDB 4-Room Flats,21987
2014,75-79 Years,Total HDB Dwellings,HDB 5-Room And Executive Flats,15291
2014,80-84 Years,Total HDB Dwellings,HDB 1- And 2-Room Flats,4006
2014,80-84 Years,Total HDB Dwellings,HDB 3-Room Flats,10972
2014,80-84 Years,Total HDB Dwellings,HDB 4-Room Flats,13999
2014,80-84 Years,Total HDB Dwellings,HDB 5-Room And Executive Flats,9406
2014,85 Years & Over,Total HDB Dwellings,HDB 1- And 2-Room Flats,3039
2014,85 Years & Over,Total HDB Dwellings,HDB 3-Room Flats,7529
2014,85 Years & Over,Total HDB Dwellings,HDB 4-Room Flats,10300
2014,85 Years & Over,Total HDB Dwellings,HDB 5-Room And Executive Flats,7342
2015,Residents,Total HDB Dwellings,HDB 1- And 2-Room Flats,159792
2015,Residents,Total HDB Dwellings,HDB 3-Room Flats,604579
2015,Residents,Total HDB Dwellings,HDB 4-Room Flats,1320285
2015,Residents,Total HDB Dwellings,HDB 5-Room And Executive Flats,1074735
2015,0-4 Years,Total HDB Dwellings,HDB 1- And 2-Room Flats,7603
2015,0-4 Years,Total HDB Dwellings,HDB 3-Room Flats,22114
2015,0-4 Years,Total HDB Dwellings,HDB 4-Room Flats,69042
2015,0-4 Years,Total HDB Dwellings,HDB 5-Room And Executive Flats,51520
2015,5-9 Years,Total HDB Dwellings,HDB 1- And 2-Room Flats,8094
2015,5-9 Years,Total HDB Dwellings,HDB 3-Room Flats,24386
2015,5-9 Years,Total HDB Dwellings,HDB 4-Room Flats,66107
2015,5-9 Years,Total HDB Dwellings,HDB 5-Room And Executive Flats,62850
2015,10-14 Years,Total HDB Dwellings,HDB 1- And 2-Room Flats,7910
2015,10-14 Years,Total HDB Dwellings,HDB 3-Room Flats,25258
2015,10-14 Years,Total HDB Dwellings,HDB 4-Room Flats,66587
2015,10-14 Years,Total HDB Dwellings,HDB 5-Room And Executive Flats,68612
2015,15-19 Years,Total HDB Dwellings,HDB 1- And 2-Room Flats,9086
2015,15-19 Years,Total HDB Dwellings,HDB 3-Room Flats,27778
2015,15-19 Years,Total HDB Dwellings,HDB 4-Room Flats,79285
2015,15-19 Years,Total HDB Dwellings,HDB 5-Room And Executive Flats,78237
2015,20-24 Years,Total HDB Dwellings,HDB 1- And 2-Room Flats,10033
2015,20-24 Years,Total HDB Dwellings,HDB 3-Room Flats,31694
2015,20-24 Years,Total HDB Dwellings,HDB 4-Room Flats,90525
2015,20-24 Years,Total HDB Dwellings,HDB 5-Room And Executive Flats,82515
2015,25-29 Years,Total HDB Dwellings,HDB 1- And 2-Room Flats,9007
2015,25-29 Years,Total HDB Dwellings,HDB 3-Room Flats,38757
2015,25-29 Years,Total HDB Dwellings,HDB 4-Room Flats,103016
2015,25-29 Years,Total HDB Dwellings,HDB 5-Room And Executive Flats,76090
2015,30-34 Years,Total HDB Dwellings,HDB 1- And 2-Room Flats,7450
2015,30-34 Years,Total HDB Dwellings,HDB 3-Room Flats,44011
2015,30-34 Years,Total HDB Dwellings,HDB 4-Room Flats,117891
2015,30-34 Years,Total HDB Dwellings,HDB 5-Room And Executive Flats,75607
2015,35-39 Years,Total HDB Dwellings,HDB 1- And 2-Room Flats,6605
2015,35-39 Years,Total HDB Dwellings,HDB 3-Room Flats,45676
2015,35-39 Years,Total HDB Dwellings,HDB 4-Room Flats,109281
2015,35-39 Years,Total HDB Dwellings,HDB 5-Room And Executive Flats,81997
2015,40-44 Years,Total HDB Dwellings,HDB 1- And 2-Room Flats,8438
2015,40-44 Years,Total HDB Dwellings,HDB 3-Room Flats,47569
2015,40-44 Years,Total HDB Dwellings,HDB 4-Room Flats,101498
2015,40-44 Years,Total HDB Dwellings,HDB 5-Room And Executive Flats,89739
2015,45-49 Years,Total HDB Dwellings,HDB 1- And 2-Room Flats,10755
2015,45-49 Years,Total HDB Dwellings,HDB 3-Room Flats,47143
2015,45-49 Years,Total HDB Dwellings,HDB 4-Room Flats,96829
2015,45-49 Years,Total HDB Dwellings,HDB 5-Room And Executive Flats,85118
2015,50-54 Years,Total HDB Dwellings,HDB 1- And 2-Room Flats,12896
2015,50-54 Years,Total HDB Dwellings,HDB 3-Room Flats,52255
2015,50-54 Years,Total HDB Dwellings,HDB 4-Room Flats,103721
2015,50-54 Years,Total HDB Dwellings,HDB 5-Room And Executive Flats,86096
2015,55-59 Years,Total HDB Dwellings,HDB 1- And 2-Room Flats,14367
2015,55-59 Years,Total HDB Dwellings,HDB 3-Room Flats,51412
2015,55-59 Years,Total HDB Dwellings,HDB 4-Room Flats,98349
2015,55-59 Years,Total HDB Dwellings,HDB 5-Room And Executive Flats,78799
2015,60-64 Years,Total HDB Dwellings,HDB 1- And 2-Room Flats,13579
2015,60-64 Years,Total HDB Dwellings,HDB 3-Room Flats,44863
2015,60-64 Years,Total HDB Dwellings,HDB 4-Room Flats,80212
2015,60-64 Years,Total HDB Dwellings,HDB 5-Room And Executive Flats,59993
2015,65-69 Years,Total HDB Dwellings,HDB 1- And 2-Room Flats,12029
2015,65-69 Years,Total HDB Dwellings,HDB 3-Room Flats,38220
2015,65-69 Years,Total HDB Dwellings,HDB 4-Room Flats,57367
2015,65-69 Years,Total HDB Dwellings,HDB 5-Room And Executive Flats,41764
2015,70-74 Years,Total HDB Dwellings,HDB 1- And 2-Room Flats,7620
2015,70-74 Years,Total HDB Dwellings,HDB 3-Room Flats,23651
2015,70-74 Years,Total HDB Dwellings,HDB 4-Room Flats,31086
2015,70-74 Years,Total HDB Dwellings,HDB 5-Room And Executive Flats,21671
2015,75-79 Years,Total HDB Dwellings,HDB 1- And 2-Room Flats,6664
2015,75-79 Years,Total HDB Dwellings,HDB 3-Room Flats,19760
2015,75-79 Years,Total HDB Dwellings,HDB 4-Room Flats,23323
2015,75-79 Years,Total HDB Dwellings,HDB 5-Room And Executive Flats,16174
2015,80-84 Years,Total HDB Dwellings,HDB 1- And 2-Room Flats,4385
2015,80-84 Years,Total HDB Dwellings,HDB 3-Room Flats,11826
2015,80-84 Years,Total HDB Dwellings,HDB 4-Room Flats,15055
2015,80-84 Years,Total HDB Dwellings,HDB 5-Room And Executive Flats,10058
2015,85 Years & Over,Total HDB Dwellings,HDB 1- And 2-Room Flats,3271
2015,85 Years & Over,Total HDB Dwellings,HDB 3-Room Flats,8206
2015,85 Years & Over,Total HDB Dwellings,HDB 4-Room Flats,11111
2015,85 Years & Over,Total HDB Dwellings,HDB 5-Room And Executive Flats,7895
2016,Residents,Total HDB Dwellings,HDB 1- And 2-Room Flats,163847
2016,Residents,Total HDB Dwellings,HDB 3-Room Flats,599416
2016,Residents,Total HDB Dwellings,HDB 4-Room Flats,1325542
2016,Residents,Total HDB Dwellings,HDB 5-Room And Executive Flats,1070978
2016,0-4 Years,Total HDB Dwellings,HDB 1- And 2-Room Flats,7752
2016,0-4 Years,Total HDB Dwellings,HDB 3-Room Flats,22121
2016,0-4 Years,Total HDB Dwellings,HDB 4-Room Flats,71559
2016,0-4 Years,Total HDB Dwellings,HDB 5-Room And Executive Flats,50492
2016,5-9 Years,Total HDB Dwellings,HDB 1- And 2-Room Flats,7903
2016,5-9 Years,Total HDB Dwellings,HDB 3-Room Flats,23365
2016,5-9 Years,Total HDB Dwellings,HDB 4-Room Flats,65392
2016,5-9 Years,Total HDB Dwellings,HDB 5-Room And Executive Flats,60200
2016,10-14 Years,Total HDB Dwellings,HDB 1- And 2-Room Flats,7992
2016,10-14 Years,Total HDB Dwellings,HDB 3-Room Flats,24091
2016,10-14 Years,Total HDB Dwellings,HDB 4-Room Flats,63307
2016,10-14 Years,Total HDB Dwellings,HDB 5-Room And Executive Flats,65409
2016,15-19 Years,Total HDB Dwellings,HDB 1- And 2-Room Flats,9245
2016,15-19 Years,Total HDB Dwellings,HDB 3-Room Flats,27316
2016,15-19 Years,Total HDB Dwellings,HDB 4-Room Flats,76821
2016,15-19 Years,Total HDB Dwellings,HDB 5-Room And Executive Flats,76659
2016,20-24 Years,Total HDB Dwellings,HDB 1- And 2-Room Flats,10218
2016,20-24 Years,Total HDB Dwellings,HDB 3-Room Flats,30481
2016,20-24 Years,Total HDB Dwellings,HDB 4-Room Flats,88330
2016,20-24 Years,Total HDB Dwellings,HDB 5-Room And Executive Flats,81762
2016,25-29 Years,Total HDB Dwellings,HDB 1- And 2-Room Flats,9361
2016,25-29 Years,Total HDB Dwellings,HDB 3-Room Flats,38610
2016,25-29 Years,Total HDB Dwellings,HDB 4-Room Flats,104673
2016,25-29 Years,Total HDB Dwellings,HDB 5-Room And Executive Flats,79844
2016,30-34 Years,Total HDB Dwellings,HDB 1- And 2-Room Flats,7539
2016,30-34 Years,Total HDB Dwellings,HDB 3-Room Flats,41834
2016,30-34 Years,Total HDB Dwellings,HDB 4-Room Flats,116767
2016,30-34 Years,Total HDB Dwellings,HDB 5-Room And Executive Flats,72790
2016,35-39 Years,Total HDB Dwellings,HDB 1- And 2-Room Flats,6611
2016,35-39 Years,Total HDB Dwellings,HDB 3-Room Flats,44590
2016,35-39 Years,Total HDB Dwellings,HDB 4-Room Flats,110901
2016,35-39 Years,Total HDB Dwellings,HDB 5-Room And Executive Flats,80109
2016,40-44 Years,Total HDB Dwellings,HDB 1- And 2-Room Flats,8279
2016,40-44 Years,Total HDB Dwellings,HDB 3-Room Flats,46488
2016,40-44 Years,Total HDB Dwellings,HDB 4-Room Flats,100561
2016,40-44 Years,Total HDB Dwellings,HDB 5-Room And Executive Flats,86492
2016,45-49 Years,Total HDB Dwellings,HDB 1- And 2-Room Flats,10276
2016,45-49 Years,Total HDB Dwellings,HDB 3-Room Flats,45752
2016,45-49 Years,Total HDB Dwellings,HDB 4-Room Flats,94082
2016,45-49 Years,Total HDB Dwellings,HDB 5-Room And Executive Flats,83922
2016,50-54 Years,Total HDB Dwellings,HDB 1- And 2-Room Flats,13097
2016,50-54 Years,Total HDB Dwellings,HDB 3-Room Flats,51622
2016,50-54 Years,Total HDB Dwellings,HDB 4-Room Flats,103107
2016,50-54 Years,Total HDB Dwellings,HDB 5-Room And Executive Flats,85688
2016,55-59 Years,Total HDB Dwellings,HDB 1- And 2-Room Flats,14734
2016,55-59 Years,Total HDB Dwellings,HDB 3-Room Flats,51321
2016,55-59 Years,Total HDB Dwellings,HDB 4-Room Flats,99454
2016,55-59 Years,Total HDB Dwellings,HDB 5-Room And Executive Flats,80158
2016,60-64 Years,Total HDB Dwellings,HDB 1- And 2-Room Flats,14682
2016,60-64 Years,Total HDB Dwellings,HDB 3-Room Flats,45833
2016,60-64 Years,Total HDB Dwellings,HDB 4-Room Flats,83959
2016,60-64 Years,Total HDB Dwellings,HDB 5-Room And Executive Flats,63316
2016,65-69 Years,Total HDB Dwellings,HDB 1- And 2-Room Flats,13182
2016,65-69 Years,Total HDB Dwellings,HDB 3-Room Flats,40443
2016,65-69 Years,Total HDB Dwellings,HDB 4-Room Flats,62612
2016,65-69 Years,Total HDB Dwellings,HDB 5-Room And Executive Flats,45863
2016,70-74 Years,Total HDB Dwellings,HDB 1- And 2-Room Flats,7774
2016,70-74 Years,Total HDB Dwellings,HDB 3-Room Flats,23169
2016,70-74 Years,Total HDB Dwellings,HDB 4-Room Flats,31278
2016,70-74 Years,Total HDB Dwellings,HDB 5-Room And Executive Flats,22095
2016,75-79 Years,Total HDB Dwellings,HDB 1- And 2-Room Flats,7205
2016,75-79 Years,Total HDB Dwellings,HDB 3-Room Flats,21281
2016,75-79 Years,Total HDB Dwellings,HDB 4-Room Flats,25498
2016,75-79 Years,Total HDB Dwellings,HDB 5-Room And Executive Flats,17487
2016,80-84 Years,Total HDB Dwellings,HDB 1- And 2-Room Flats,4500
2016,80-84 Years,Total HDB Dwellings,HDB 3-Room Flats,12322
2016,80-84 Years,Total HDB Dwellings,HDB 4-Room Flats,15424
2016,80-84 Years,Total HDB Dwellings,HDB 5-Room And Executive Flats,10393
2016,85 Years & Over,Total HDB Dwellings,HDB 1- And 2-Room Flats,3497
2016,85 Years & Over,Total HDB Dwellings,HDB 3-Room Flats,8777
2016,85 Years & Over,Total HDB Dwellings,HDB 4-Room Flats,11817
2016,85 Years & Over,Total HDB Dwellings,HDB 5-Room And Executive Flats,8299
2017,Residents,Total HDB Dwellings,HDB 1- And 2-Room Flats,168052
2017,Residents,Total HDB Dwellings,HDB 3-Room Flats,590806
2017,Residents,Total HDB Dwellings,HDB 4-Room Flats,1330160
2017,Residents,Total HDB Dwellings,HDB 5-Room And Executive Flats,1067557
2017,0-4 Years,Total HDB Dwellings,HDB 1- And 2-Room Flats,7965
2017,0-4 Years,Total HDB Dwellings,HDB 3-Room Flats,21322
2017,0-4 Years,Total HDB Dwellings,HDB 4-Room Flats,72324
2017,0-4 Years,Total HDB Dwellings,HDB 5-Room And Executive Flats,48905
2017,5-9 Years,Total HDB Dwellings,HDB 1- And 2-Room Flats,7796
2017,5-9 Years,Total HDB Dwellings,HDB 3-Room Flats,22382
2017,5-9 Years,Total HDB Dwellings,HDB 4-Room Flats,65432
2017,5-9 Years,Total HDB Dwellings,HDB 5-Room And Executive Flats,57809
2017,10-14 Years,Total HDB Dwellings,HDB 1- And 2-Room Flats,8018
2017,10-14 Years,Total HDB Dwellings,HDB 3-Room Flats,23589
2017,10-14 Years,Total HDB Dwellings,HDB 4-Room Flats,61955
2017,10-14 Years,Total HDB Dwellings,HDB 5-Room And Executive Flats,63542
2017,15-19 Years,Total HDB Dwellings,HDB 1- And 2-Room Flats,9237
2017,15-19 Years,Total HDB Dwellings,HDB 3-Room Flats,26141
2017,15-19 Years,Total HDB Dwellings,HDB 4-Room Flats,73143
2017,15-19 Years,Total HDB Dwellings,HDB 5-Room And Executive Flats,73734
2017,20-24 Years,Total HDB Dwellings,HDB 1- And 2-Room Flats,10523
2017,20-24 Years,Total HDB Dwellings,HDB 3-Room Flats,29373
2017,20-24 Years,Total HDB Dwellings,HDB 4-Room Flats,86804
2017,20-24 Years,Total HDB Dwellings,HDB 5-Room And Executive Flats,81519
2017,25-29 Years,Total HDB Dwellings,HDB 1- And 2-Room Flats,9795
2017,25-29 Years,Total HDB Dwellings,HDB 3-Room Flats,38372
2017,25-29 Years,Total HDB Dwellings,HDB 4-Room Flats,107387
2017,25-29 Years,Total HDB Dwellings,HDB 5-Room And Executive Flats,83426
2017,30-34 Years,Total HDB Dwellings,HDB 1- And 2-Room Flats,7448
2017,30-34 Years,Total HDB Dwellings,HDB 3-Room Flats,39536
2017,30-34 Years,Total HDB Dwellings,HDB 4-Room Flats,113732
2017,30-34 Years,Total HDB Dwellings,HDB 5-Room And Executive Flats,71050
2017,35-39 Years,Total HDB Dwellings,HDB 1- And 2-Room Flats,6871
2017,35-39 Years,Total HDB Dwellings,HDB 3-Room Flats,42834
2017,35-39 Years,Total HDB Dwellings,HDB 4-Room Flats,111688
2017,35-39 Years,Total HDB Dwellings,HDB 5-Room And Executive Flats,77561
2017,40-44 Years,Total HDB Dwellings,HDB 1- And 2-Room Flats,7844
2017,40-44 Years,Total HDB Dwellings,HDB 3-Room Flats,45184
2017,40-44 Years,Total HDB Dwellings,HDB 4-Room Flats,100152
2017,40-44 Years,Total HDB Dwellings,HDB 5-Room And Executive Flats,83494
2017,45-49 Years,Total HDB Dwellings,HDB 1- And 2-Room Flats,10005
2017,45-49 Years,Total HDB Dwellings,HDB 3-Room Flats,44807
2017,45-49 Years,Total HDB Dwellings,HDB 4-Room Flats,93156
2017,45-49 Years,Total HDB Dwellings,HDB 5-Room And Executive Flats,83475
2017,50-54 Years,Total HDB Dwellings,HDB 1- And 2-Room Flats,12993
2017,50-54 Years,Total HDB Dwellings,HDB 3-Room Flats,50108
2017,50-54 Years,Total HDB Dwellings,HDB 4-Room Flats,101111
2017,50-54 Years,Total HDB Dwellings,HDB 5-Room And Executive Flats,84566
2017,55-59 Years,Total HDB Dwellings,HDB 1- And 2-Room Flats,14965
2017,55-59 Years,Total HDB Dwellings,HDB 3-Room Flats,50563
2017,55-59 Years,Total HDB Dwellings,HDB 4-Room Flats,99553
2017,55-59 Years,Total HDB Dwellings,HDB 5-Room And Executive Flats,80957
2017,60-64 Years,Total HDB Dwellings,HDB 1- And 2-Room Flats,15605
2017,60-64 Years,Total HDB Dwellings,HDB 3-Room Flats,46618
2017,60-64 Years,Total HDB Dwellings,HDB 4-Room Flats,87650
2017,60-64 Years,Total HDB Dwellings,HDB 5-Room And Executive Flats,66350
2017,65-69 Years,Total HDB Dwellings,HDB 1- And 2-Room Flats,13963
2017,65-69 Years,Total HDB Dwellings,HDB 3-Room Flats,40076
2017,65-69 Years,Total HDB Dwellings,HDB 4-Room Flats,64843
2017,65-69 Years,Total HDB Dwellings,HDB 5-Room And Executive Flats,48029
2017,70-74 Years,Total HDB Dwellings,HDB 1- And 2-Room Flats,9061
2017,70-74 Years,Total HDB Dwellings,HDB 3-Room Flats,26170
2017,70-74 Years,Total HDB Dwellings,HDB 4-Room Flats,36278
2017,70-74 Years,Total HDB Dwellings,HDB 5-Room And Executive Flats,25486
2017,75-79 Years,Total HDB Dwellings,HDB 1- And 2-Room Flats,7619
2017,75-79 Years,Total HDB Dwellings,HDB 3-Room Flats,21805
2017,75-79 Years,Total HDB Dwellings,HDB 4-Room Flats,26897
2017,75-79 Years,Total HDB Dwellings,HDB 5-Room And Executive Flats,18376
2017,80-84 Years,Total HDB Dwellings,HDB 1- And 2-Room Flats,4559
2017,80-84 Years,Total HDB Dwellings,HDB 3-Room Flats,12554
2017,80-84 Years,Total HDB Dwellings,HDB 4-Room Flats,15400
2017,80-84 Years,Total HDB Dwellings,HDB 5-Room And Executive Flats,10508
2017,85 Years & Over,Total HDB Dwellings,HDB 1- And 2-Room Flats,3785
2017,85 Years & Over,Total HDB Dwellings,HDB 3-Room Flats,9372
2017,85 Years & Over,Total HDB Dwellings,HDB 4-Room Flats,12655
2017,85 Years & Over,Total HDB Dwellings,HDB 5-Room And Executive Flats,8770